Feature,Pearson,Spearman,Kendall,MutualInfo,RF_Importance,Lasso_Coef,RFE_Rank,RFE_Rank_30
inter_exploratory_brilliance,0.19802855185909835,0.19425400873406606,0.13399765456437818,0.04455319785530687,0.011486080122602261,0.0,8,1
Feat_Strategic_Growth,0.1971409066061069,0.19362890366131907,0.13313408456003784,0.06256327908206227,0.0017898376681534742,0.0,2,1
Mutant_Omega_Curiosity,0.1968073245872027,0.17623110074303405,0.11943374321916526,0.0,0.003046017656443205,3.1227873463491763e-07,53,43
score_velocity,0.19413358442904916,0.18115175798469335,0.12154913675591482,0.0,0.004849651879375795,1.0503417598673901e-07,50,40
Feat_Resilient_Explorer,0.19108609149333364,0.17845970102630557,0.12062313779237825,0.0,0.007850024305882624,0.004614283367749485,1,1
sum_weighted_score,0.18580688019029293,0.20061489580614256,0.13831880398881385,0.003010738508410604,0.002191656793649426,0.01062302012673825,30,20
inter_obsessive_correction,0.1834224974447262,0.16991300690097658,0.11432204762971696,0.017294589702346652,0.02821557819706623,0.04042867992233062,25,15
Psych_Calculated_Risk,0.17822942885705692,0.18947876333217312,0.1296584434227979,0.03884348803999638,0.004713062832323132,0.0,46,36
Comp_Joyous_Exploration,0.1598904107425395,0.16696608015735814,0.11405743934507415,0.035256371173642886,0.006654919642139031,2.2420475941783547e-09,60,50
Psych_Calculated_Risk_Growth,0.15546806401141955,0.1552003589787466,0.10806021904924416,0.09283579984425527,0.016722460996454445,0.0,11,1
Comp_Awareness_Limit,0.14300138035893403,0.11769632166672245,0.07974144701800413,0.031714899577808264,0.004157625864810793,0.0,1,1
Feat_Ego_vs_Capacity,0.13726881125847795,0.19474104306000856,0.13112898983288243,0.05374691472799986,0.016640858324947307,0.004104458960710181,15,5
exploration_efficiency,0.1295378362668707,0.1201431276541054,0.0819782414651703,0.01618586706152092,0.008756041421078742,2.8835601186009305e-08,55,45
humility_challenging,0.12691718341225797,0.0926951979955619,0.06950581958273229,0.21745400078624977,0.004121815914501495,0.0,37,27
struggle_ratio,0.12468770257452903,0.12250260259428694,0.0921796787890781,0.10367469475969004,0.022896589763687584,0.0,1,1
ratio_score_per_hint,0.11545054875232463,0.14494591642497986,0.09735061018704051,0.0022545011473025234,0.0023871482984128166,1.755219344296641e-08,58,48
inter_cowardice_penalty,0.10788264248470723,0.13460824792874054,0.09045713325255632,0.0,0.007669525708909399,0.0,18,8
boldness_score,0.10159130286349913,0.11859870111298725,0.08237680623840106,0.05249547820994449,0.010466554336376879,0.0,16,6
stubbornness_index,0.0977724721964312,0.09977401810493092,0.07763949370093327,0.12452388154125082,0.009683799753236761,0.01985492052909342,19,9
stagnation_ratio,0.09641840506157551,0.12430735798674589,0.08811038132564025,0.0,0.02161712999213277,0.0,1,1
time_diff_phase3_vs_phase1,0.095142589523233,0.09959967433563846,0.06636874862143942,0.0,0.02732796536286282,8.198248612680122e-08,54,44
hint_reliance_ratio,0.0931301466734846,0.09883132068567507,0.06741459567421905,0.0,0.007627167723711883,0.006445255796627135,27,17
inter_strategic_retreat,0.0920705331880539,0.08052974043139234,0.05928100200980687,0.0,0.011113801993234609,0.005731861411565659,42,32
Psych_Flow_Stamina,0.08697545757262025,0.09434114510036709,0.06233531604836409,0.0,0.0018778181476963932,0.0,31,21
PCA_Dur_squared,0.08508147816237806,0.04781656292061709,0.0333647435877573,0.007899723039372475,0.007191249180206032,9.753403948403793e-08,57,47
PCA_Dur_x_PCA_Hints,0.08387092423842742,0.08695242456659232,0.05913642826108427,0.0,0.0046003117748351745,0.003430677164780971,38,28
HighOrd_Star_x_Effort,0.08015570133474596,0.05309610890993898,0.036348652357074775,0.0009628192672725966,0.014028010906495456,0.0,12,2
learning_adaptability,0.07555766196043466,0.017346083429601908,0.012549341365466638,0.00649245021489131,0.0031580608157583613,0.011651346393160998,24,14
ratio_hint_time,0.07359777279266125,0.06313216158434111,0.04410054485113707,0.0,0.007497410348184429,0.0,34,24
hint_reading_duration,0.07003763556458253,0.055902641018201596,0.0378816277526645,0.0,0.0011966482186125103,0.0007924232209912081,47,37
Psych_Ego_Awareness,0.0693540088019385,0.0657810479901639,0.04654532836994665,0.017753007642869356,0.020601712623235208,2.8689709785235793e-08,56,46
apathy_speed,0.06759343710777996,0.018749922684375225,0.014956427059214926,0.025906292285196475,0.0022064176717468205,9.562444340621987e-10,61,51
Psych_Adaptability_Log,0.06683734773055795,0.04106422008590198,0.03069611709085599,0.008769067791240648,0.014640409620540792,1.8658393240127614e-08,59,49
delayed_gratification_hint,0.0651073018030866,0.0628537265911619,0.046887584302147726,0.0,0.002638497078756891,0.026908911342296574,20,10
Psych_Deprivation_Fixation,0.06443112357405421,0.035816349258980286,0.025552891930975735,0.020544259944586862,0.034400736454776794,0.0,40,30
time_diff_end_vs_start,0.06404842545910903,0.07963622358197311,0.05407243175570819,0.03055276518577532,0.02173836434735229,0.0,1,1
adaptive_learning_capacity,0.061012710941184316,0.16780333433768943,0.11363710240530406,0.12049496887874245,0.030492680195089744,0.028394345584940122,13,3
Psych_Adaptability,0.060912644097942684,0.04099223273392532,0.03060621630309817,0.008238815432965563,0.01918685953773871,0.05149366885500161,1,1
inter_ambition_vs_reality,0.05848999708011441,0.08845368541328011,0.06132570837745681,0.015177705015982479,0.023755613857700884,0.0,1,1
inter_hint_x_skip,0.0571256541756487,0.007824804636269712,0.006074147448410199,0.0,0.006090780805014577,0.0,1,1
Mutant_AoL_Resilience,0.05601621511614558,0.15125019000713869,0.10177856476680723,0.021937056780549025,0.0015849175457774947,0.022302274102499575,33,23
impulsive_help_ratio,0.05580255156264709,0.04867307905636383,0.03489022882012439,0.10546229236721372,0.009537752395038025,0.0,35,25
Psych_Independent_Efficiency,0.054698157832591465,0.0055260628010123485,0.0028636400122314626,0.0159448814963965,0.011841961207456723,0.0,1,1
ratio_redo_success,0.053433708107780115,0.06140632615504482,0.043077877272925356,0.047484836863615154,0.029372188422953402,0.023244022770725868,41,31
contemplation_index,0.048803441548421686,0.01694937506051783,0.012370025086883101,0.032568615550660374,0.019260356192876152,0.004179723612912923,17,7
stubborn_failure_magnitude,0.048478619170634764,0.05494092655774432,0.0432983968103557,0.04792741127391076,0.009075616624739748,0.0,1,1
ratio_struggle_time,0.04835004674498654,0.031593200160137024,0.02067315805214034,0.0,0.018758254414513783,0.047812252847587,1,1
grind_capacity,0.048327984427579095,0.08880991601771926,0.06961882318587513,0.09888415566608577,0.011228793405367761,0.0,1,1
star_efficiency,0.04744032555754515,0.04563599767890138,0.03480296388229384,0.029893157353148236,0.019901755730916255,0.0,7,1
carefulness_index,0.045978457768846036,0.02577915820135367,0.017641971261784038,0.0,0.008953460644366496,0.0026199489523355047,43,33
PCA_Performance_Star,0.04456546378632675,0.0126490353934185,0.00719049925964268,0.0,0.010035453573661028,0.006619593443380458,1,1
reckless_action_index,0.04437372389226071,0.023329314289942508,0.01687568424025318,0.011111335530740618,0.007980941615090883,0.0,21,11
HighOrd_Score_x_PCAStar,0.04087045692738765,0.03703723437986492,0.025338728815523993,0.0031585423865396756,0.0021685298960286573,0.0,1,1
hard_challenge_efficiency,0.040325660575268193,0.015716225941083534,0.011041282605547516,0.00587072375359865,0.002279834786546868,0.0,14,4
inter_sweet_victory,0.03893797747094173,0.001048748888374281,0.0008864938006021167,0.0,0.005533563089684443,2.782823708449435e-07,52,42
ratio_success_per_duration,0.03760545642772904,0.01867348476036251,0.010499665137447359,0.0,0.005776542748546517,3.582696368087968e-07,48,38
Feat_Cognitive_Waste,0.033862950233386424,0.0347944210545906,0.02450133643608215,0.0025792439023994973,0.00598347476228894,7.603743308933442e-07,51,41
ratio_hint_per_star,0.03307991106010071,0.001687211125748974,0.0014942267528018109,0.0,0.006368385501710776,0.008626533547893715,1,1
PCA_Duration,0.030865807572339143,0.007236989721544576,0.0029495121264434938,0.014835685856357639,0.002993161351431862,0.0,1,1
Psych_Learned_Helplessness,0.029808116838681054,0.02770500448137355,0.02062552530739887,0.031937163451177586,0.021652545457009974,0.01818020981805744,10,1
keypad_dominance,0.028288116736654493,0.011555062562047278,0.008538378744170735,0.0,0.004353448127553413,0.0,36,26
hint_effectiveness,0.027034466628046483,0.016717873041752696,0.011633886574307127,0.0,0.019100914996555415,1.1104193581835665e-08,49,39
hyper_curiosity_index,0.02277781805394516,0.14297781931929093,0.0975701165156484,0.00398090639902815,0.003846973386904003,0.0,23,13
redo_conversion_rate,0.022224852264727406,0.03290500142028277,0.021802112369482953,0.021616132841839608,0.015930173133261866,0.0,1,1
Comp_GBA_DS_Anchored,0.01692356031112431,0.029276991231910278,0.01917244442231127,0.0018271104324671938,0.017950664067970298,0.0,39,29
engagement_persistence,0.016392156792228295,0.005011270698416888,0.0018961677038401206,0.043068705503059856,0.010955697357621036,0.009382741012509703,4,1
hint_vs_skip_ratio,0.01478170048572418,0.02511265107585408,0.018701157762217493,0.018817107033003655,0.014639776648411701,0.0,1,1
HighOrd_Score_x_PCADuration,0.013880342967373492,0.0023503087813881427,0.0019348111616611838,0.0,0.02353504983080314,0.06936142840029383,9,1
tuas_dominance,0.013217667484209421,0.015429623772358571,0.01091647953558274,0.0,0.012666956325366557,0.0033242297291706,26,16
time_diff_max_vs_avg,0.011913456945679572,0.003169097168463332,0.0010233548902487638,0.010281935100362016,0.013643527773259207,0.0,28,18
hesitation_penalty,0.011550570004543667,0.016543135078367858,0.013825506298593759,0.01679008224443801,0.019189600629683237,0.0,44,34
Mutant_Ego_Death,0.011516224094126653,0.0017657681532242734,0.00016797476758166616,0.026480824709913975,0.01703063035300566,0.0,22,12
PCA_Hints,0.010791098492376914,0.03114233779729455,0.022015382754009095,0.0,0.026056971924400173,0.0035852225747093768,29,19
starlv_x_redo,0.010234869047639136,0.008373772285793703,0.006214796435572616,0.0,0.026030855662458455,0.0,3,1
hint_dependency_gravity,0.00847094882533314,0.051193975887379665,0.040074567211248385,0.08165156840750876,0.026096473994767572,0.0,5,1
frustration_breakdown_ratio,0.007570448473218657,0.039023105778219935,0.03032522333708183,0.026786978361442282,0.012629940128097478,0.0,1,1
Psych_Perfectionist_Drive,0.006197988570218431,0.003482771555505917,0.003434995933538959,0.01680225702687621,0.01631990333920681,0.020020100125317828,6,1
calculated_risk_taking,0.005460616517375428,0.055070344620912356,0.0436027550007143,0.0,0.015566574401327866,0.005133610752376545,45,35
Psych_Impulsive_Quit,0.003952566689140617,0.0341665947144957,0.025567096251870994,0.0,0.016153293751522572,0.0023742260600960645,1,1
Comp_GBA_AoL_Anchored,0.0034642875605425004,0.061342989822471196,0.041562259055503474,0.019927656741773436,0.020728188666083135,0.0,32,22
