,FS_Method,N_Features,ML_Model,CV_RMSE_dev,Holdout_RMSE,Holdout_MAE,Holdout_R2,Best_Params,Features,Time_sec
1,Kendall_gt0.15,2,RandomForest,0.8288,0.8788,0.7342,0.0272,"{'model__n_estimators': 200, 'model__min_samples_split': 5, 'model__max_features': 'sqrt', 'model__max_depth': 5}","sum_weighted_score, inter_exploratory_brilliance",4.1
2,Kendall_gt0.15,2,CatBoost,0.8237,0.8815,0.7388,0.0212,"{'model__learning_rate': 0.05, 'model__l2_leaf_reg': 3, 'model__iterations': 50, 'model__depth': 4}","sum_weighted_score, inter_exploratory_brilliance",3.0
3,Pearson_gt0.15,11,PLSRegression,0.8245,0.8816,0.7395,0.0211,{'model__n_components': 2},"sum_weighted_score, score_velocity, impulsive_help_ratio, Psych_Calculated_Risk, inter_exploratory_brilliance, inter_obsessive_correction, inter_cowardice_penalty, Feat_Resilient_Explorer, Feat_Ego_vs_Capacity, Feat_Strategic_Growth, Mutant_Omega_Curiosity",1.4
4,Kendall_gt0.10,15,Ridge,0.8254,0.8823,0.7422,0.0195,{'model__alpha': 500.0},"sum_weighted_score, score_velocity, impulsive_help_ratio, adaptive_learning_capacity, Psych_Calculated_Risk, Psych_Ego_Awareness, ratio_score_per_hint, inter_exploratory_brilliance, inter_obsessive_correction, inter_cowardice_penalty, Feat_Resilient_Explorer, Feat_Ego_vs_Capacity, Feat_Strategic_Growth, Mutant_AoL_Resilience, Mutant_Omega_Curiosity",0.3
5,Spearman_gt0.15,15,Ridge,0.8254,0.8823,0.7422,0.0195,{'model__alpha': 500.0},"sum_weighted_score, score_velocity, impulsive_help_ratio, adaptive_learning_capacity, Psych_Calculated_Risk, Psych_Ego_Awareness, ratio_score_per_hint, inter_exploratory_brilliance, inter_obsessive_correction, inter_cowardice_penalty, Feat_Resilient_Explorer, Feat_Ego_vs_Capacity, Feat_Strategic_Growth, Mutant_AoL_Resilience, Mutant_Omega_Curiosity",0.3
6,RFE_Ridge_Top20,20,ElasticNet,0.8271,0.8826,0.7416,0.0187,"{'model__l1_ratio': 0.3, 'model__alpha': 0.1}","humility_challenging, boldness_score, hard_challenge_efficiency, apathy_speed, delayed_gratification_hint, time_diff_max_vs_avg, ratio_hint_time, ratio_success_per_duration, ratio_redo_success, PCA_Duration, PCA_Hints, Comp_Joyous_Exploration, Comp_Awareness_Limit, Psych_Calculated_Risk, Psych_Ego_Awareness, Psych_Calculated_Risk_Growth, PCA_Performance_Star, inter_exploratory_brilliance, inter_obsessive_correction, Mutant_Omega_Curiosity",0.6
7,RF_Importance_p80,16,SVR_RBF,0.83,0.8828,0.7359,0.0183,"{'model__gamma': 0.01, 'model__epsilon': 0.01, 'model__C': 0.1}","sum_weighted_score, score_velocity, contemplation_index, time_diff_end_vs_start, time_diff_phase3_vs_phase1, time_diff_max_vs_avg, ratio_success_per_duration, PCA_Dur_x_PCA_Hints, Psych_Flow_Stamina, ratio_struggle_time, inter_exploratory_brilliance, inter_obsessive_correction, Comp_GBA_DS_Anchored, Comp_GBA_AoL_Anchored, Feat_Resilient_Explorer, Mutant_AoL_Resilience",1.4
8,Pearson_gt0.20,6,Ridge,0.8236,0.8838,0.7414,0.0161,{'model__alpha': 500.0},"sum_weighted_score, Psych_Calculated_Risk, inter_exploratory_brilliance, inter_obsessive_correction, Feat_Resilient_Explorer, Mutant_Omega_Curiosity",0.2
9,RF_Importance_p80,16,Ridge,0.8262,0.8838,0.7384,0.016,{'model__alpha': 500.0},"sum_weighted_score, score_velocity, contemplation_index, time_diff_end_vs_start, time_diff_phase3_vs_phase1, time_diff_max_vs_avg, ratio_success_per_duration, PCA_Dur_x_PCA_Hints, Psych_Flow_Stamina, ratio_struggle_time, inter_exploratory_brilliance, inter_obsessive_correction, Comp_GBA_DS_Anchored, Comp_GBA_AoL_Anchored, Feat_Resilient_Explorer, Mutant_AoL_Resilience",0.3
10,Kendall_gt0.15,2,Lasso,0.8238,0.8839,0.74,0.016,{'model__alpha': 0.01},"sum_weighted_score, inter_exploratory_brilliance",0.2
11,MutualInfo_p80,16,PLSRegression,0.8315,0.884,0.7455,0.0157,{'model__n_components': 2},"humility_challenging, grind_capacity, boldness_score, hard_challenge_efficiency, hint_reading_duration, stubbornness_index, impulsive_help_ratio, adaptive_learning_capacity, ratio_redo_success, Psych_Ego_Awareness, Psych_Calculated_Risk_Growth, inter_ambition_vs_reality, HighOrd_Star_x_Effort, Comp_GBA_AoL_Anchored, Mutant_AoL_Resilience, Mutant_Omega_Curiosity",0.3
12,Kendall_gt0.15,2,Ridge,0.8221,0.8842,0.7398,0.0153,{'model__alpha': 100.0},"sum_weighted_score, inter_exploratory_brilliance",0.2
13,Kendall_gt0.15,2,ElasticNet,0.8235,0.8843,0.7409,0.015,"{'model__l1_ratio': 0.1, 'model__alpha': 0.01}","sum_weighted_score, inter_exploratory_brilliance",0.2
14,Kendall_gt0.15,2,PLSRegression,0.8239,0.8843,0.7409,0.015,{'model__n_components': 2},"sum_weighted_score, inter_exploratory_brilliance",0.1
15,RFE_Ridge_Top20,20,SVR_RBF,0.8288,0.8843,0.7446,0.015,"{'model__gamma': 0.01, 'model__epsilon': 0.01, 'model__C': 0.1}","humility_challenging, boldness_score, hard_challenge_efficiency, apathy_speed, delayed_gratification_hint, time_diff_max_vs_avg, ratio_hint_time, ratio_success_per_duration, ratio_redo_success, PCA_Duration, PCA_Hints, Comp_Joyous_Exploration, Comp_Awareness_Limit, Psych_Calculated_Risk, Psych_Ego_Awareness, Psych_Calculated_Risk_Growth, PCA_Performance_Star, inter_exploratory_brilliance, inter_obsessive_correction, Mutant_Omega_Curiosity",1.6
16,Kendall_gt0.10,15,ElasticNet,0.8277,0.8846,0.7433,0.0142,"{'model__l1_ratio': 0.3, 'model__alpha': 0.1}","sum_weighted_score, score_velocity, impulsive_help_ratio, adaptive_learning_capacity, Psych_Calculated_Risk, Psych_Ego_Awareness, ratio_score_per_hint, inter_exploratory_brilliance, inter_obsessive_correction, inter_cowardice_penalty, Feat_Resilient_Explorer, Feat_Ego_vs_Capacity, Feat_Strategic_Growth, Mutant_AoL_Resilience, Mutant_Omega_Curiosity",0.4
17,Spearman_gt0.15,15,ElasticNet,0.8277,0.8846,0.7433,0.0142,"{'model__l1_ratio': 0.3, 'model__alpha': 0.1}","sum_weighted_score, score_velocity, impulsive_help_ratio, adaptive_learning_capacity, Psych_Calculated_Risk, Psych_Ego_Awareness, ratio_score_per_hint, inter_exploratory_brilliance, inter_obsessive_correction, inter_cowardice_penalty, Feat_Resilient_Explorer, Feat_Ego_vs_Capacity, Feat_Strategic_Growth, Mutant_AoL_Resilience, Mutant_Omega_Curiosity",0.4
18,RFE_Ridge_Top20,20,PLSRegression,0.8317,0.8848,0.7442,0.0139,{'model__n_components': 2},"humility_challenging, boldness_score, hard_challenge_efficiency, apathy_speed, delayed_gratification_hint, time_diff_max_vs_avg, ratio_hint_time, ratio_success_per_duration, ratio_redo_success, PCA_Duration, PCA_Hints, Comp_Joyous_Exploration, Comp_Awareness_Limit, Psych_Calculated_Risk, Psych_Ego_Awareness, Psych_Calculated_Risk_Growth, PCA_Performance_Star, inter_exploratory_brilliance, inter_obsessive_correction, Mutant_Omega_Curiosity",0.3
19,Pearson_gt0.20,6,PLSRegression,0.8242,0.8848,0.7433,0.0138,{'model__n_components': 2},"sum_weighted_score, Psych_Calculated_Risk, inter_exploratory_brilliance, inter_obsessive_correction, Feat_Resilient_Explorer, Mutant_Omega_Curiosity",0.2
20,RFE_Ridge_Top20,20,Ridge,0.8284,0.885,0.7485,0.0134,{'model__alpha': 100.0},"humility_challenging, boldness_score, hard_challenge_efficiency, apathy_speed, delayed_gratification_hint, time_diff_max_vs_avg, ratio_hint_time, ratio_success_per_duration, ratio_redo_success, PCA_Duration, PCA_Hints, Comp_Joyous_Exploration, Comp_Awareness_Limit, Psych_Calculated_Risk, Psych_Ego_Awareness, Psych_Calculated_Risk_Growth, PCA_Performance_Star, inter_exploratory_brilliance, inter_obsessive_correction, Mutant_Omega_Curiosity",0.4
21,MutualInfo_p70,24,PLSRegression,0.8309,0.885,0.7463,0.0135,{'model__n_components': 2},"humility_challenging, grind_capacity, boldness_score, hard_challenge_efficiency, hint_reading_duration, stubbornness_index, impulsive_help_ratio, star_efficiency, hint_dependency_gravity, frustration_breakdown_ratio, adaptive_learning_capacity, time_diff_end_vs_start, ratio_hint_time, ratio_redo_success, PCA_Hints, Psych_Deprivation_Fixation, Psych_Ego_Awareness, Psych_Impulsive_Quit, Psych_Calculated_Risk_Growth, inter_ambition_vs_reality, HighOrd_Star_x_Effort, Comp_GBA_AoL_Anchored, Mutant_AoL_Resilience, Mutant_Omega_Curiosity",0.5
22,Lasso_NonZero,33,ElasticNet,0.8285,0.8853,0.7436,0.0128,"{'model__l1_ratio': 0.3, 'model__alpha': 0.1}","sum_weighted_score, humility_challenging, grind_capacity, score_velocity, boldness_score, hard_challenge_efficiency, impulsive_help_ratio, delayed_gratification_hint, tuas_dominance, star_efficiency, hesitation_penalty, hint_dependency_gravity, reckless_action_index, calculated_risk_taking, stubborn_failure_magnitude, time_diff_phase3_vs_phase1, time_diff_max_vs_avg, ratio_hint_time, inter_hint_x_skip, PCA_Dur_x_PCA_Hints, PCA_Dur_squared, Psych_Flow_Stamina, Psych_Deprivation_Fixation, Psych_Ego_Awareness, Psych_Adaptability_Log, ratio_struggle_time, inter_obsessive_correction, inter_cowardice_penalty, Comp_GBA_AoL_Anchored, Feat_Ego_vs_Capacity, Feat_Strategic_Growth, Mutant_AoL_Resilience, Mutant_Omega_Curiosity",1.0
23,Lasso_NonZero,33,Ridge,0.8265,0.8853,0.7437,0.0128,{'model__alpha': 500.0},"sum_weighted_score, humility_challenging, grind_capacity, score_velocity, boldness_score, hard_challenge_efficiency, impulsive_help_ratio, delayed_gratification_hint, tuas_dominance, star_efficiency, hesitation_penalty, hint_dependency_gravity, reckless_action_index, calculated_risk_taking, stubborn_failure_magnitude, time_diff_phase3_vs_phase1, time_diff_max_vs_avg, ratio_hint_time, inter_hint_x_skip, PCA_Dur_x_PCA_Hints, PCA_Dur_squared, Psych_Flow_Stamina, Psych_Deprivation_Fixation, Psych_Ego_Awareness, Psych_Adaptability_Log, ratio_struggle_time, inter_obsessive_correction, inter_cowardice_penalty, Comp_GBA_AoL_Anchored, Feat_Ego_vs_Capacity, Feat_Strategic_Growth, Mutant_AoL_Resilience, Mutant_Omega_Curiosity",0.6
24,Kendall_gt0.15,2,HuberRegressor,0.8239,0.8855,0.742,0.0123,"{'model__epsilon': 2.0, 'model__alpha': 0.01}","sum_weighted_score, inter_exploratory_brilliance",0.2
25,RF_Importance_p80,16,ElasticNet,0.8271,0.8856,0.7423,0.012,"{'model__l1_ratio': 0.3, 'model__alpha': 0.1}","sum_weighted_score, score_velocity, contemplation_index, time_diff_end_vs_start, time_diff_phase3_vs_phase1, time_diff_max_vs_avg, ratio_success_per_duration, PCA_Dur_x_PCA_Hints, Psych_Flow_Stamina, ratio_struggle_time, inter_exploratory_brilliance, inter_obsessive_correction, Comp_GBA_DS_Anchored, Comp_GBA_AoL_Anchored, Feat_Resilient_Explorer, Mutant_AoL_Resilience",0.5
26,Pearson_gt0.20,6,Lasso,0.8255,0.8858,0.7446,0.0117,{'model__alpha': 0.01},"sum_weighted_score, Psych_Calculated_Risk, inter_exploratory_brilliance, inter_obsessive_correction, Feat_Resilient_Explorer, Mutant_Omega_Curiosity",8.5
27,Pearson_gt0.20,6,ElasticNet,0.8254,0.8858,0.7448,0.0116,"{'model__l1_ratio': 0.7, 'model__alpha': 0.01}","sum_weighted_score, Psych_Calculated_Risk, inter_exploratory_brilliance, inter_obsessive_correction, Feat_Resilient_Explorer, Mutant_Omega_Curiosity",0.3
28,Lasso_NonZero,33,PLSRegression,0.8301,0.8859,0.7461,0.0115,{'model__n_components': 2},"sum_weighted_score, humility_challenging, grind_capacity, score_velocity, boldness_score, hard_challenge_efficiency, impulsive_help_ratio, delayed_gratification_hint, tuas_dominance, star_efficiency, hesitation_penalty, hint_dependency_gravity, reckless_action_index, calculated_risk_taking, stubborn_failure_magnitude, time_diff_phase3_vs_phase1, time_diff_max_vs_avg, ratio_hint_time, inter_hint_x_skip, PCA_Dur_x_PCA_Hints, PCA_Dur_squared, Psych_Flow_Stamina, Psych_Deprivation_Fixation, Psych_Ego_Awareness, Psych_Adaptability_Log, ratio_struggle_time, inter_obsessive_correction, inter_cowardice_penalty, Comp_GBA_AoL_Anchored, Feat_Ego_vs_Capacity, Feat_Strategic_Growth, Mutant_AoL_Resilience, Mutant_Omega_Curiosity",0.7
29,Kendall_gt0.15,2,MLP_Regressor,0.8255,0.8862,0.7414,0.0108,"{'model__learning_rate': 'constant', 'model__hidden_layer_sizes': (128,), 'model__alpha': 0.001, 'model__activation': 'tanh'}","sum_weighted_score, inter_exploratory_brilliance",5.3
30,Kendall_gt0.10,15,Lasso,0.8277,0.8865,0.7487,0.0101,{'model__alpha': 0.01},"sum_weighted_score, score_velocity, impulsive_help_ratio, adaptive_learning_capacity, Psych_Calculated_Risk, Psych_Ego_Awareness, ratio_score_per_hint, inter_exploratory_brilliance, inter_obsessive_correction, inter_cowardice_penalty, Feat_Resilient_Explorer, Feat_Ego_vs_Capacity, Feat_Strategic_Growth, Mutant_AoL_Resilience, Mutant_Omega_Curiosity",0.3
31,Spearman_gt0.15,15,Lasso,0.8277,0.8865,0.7487,0.0101,{'model__alpha': 0.01},"sum_weighted_score, score_velocity, impulsive_help_ratio, adaptive_learning_capacity, Psych_Calculated_Risk, Psych_Ego_Awareness, ratio_score_per_hint, inter_exploratory_brilliance, inter_obsessive_correction, inter_cowardice_penalty, Feat_Resilient_Explorer, Feat_Ego_vs_Capacity, Feat_Strategic_Growth, Mutant_AoL_Resilience, Mutant_Omega_Curiosity",0.4
32,Kendall_gt0.15,2,SVR_RBF,0.8214,0.8865,0.7445,0.0101,"{'model__gamma': 0.001, 'model__epsilon': 0.01, 'model__C': 10.0}","sum_weighted_score, inter_exploratory_brilliance",0.7
33,MutualInfo_p80,16,Ridge,0.829,0.8867,0.7445,0.0096,{'model__alpha': 500.0},"humility_challenging, grind_capacity, boldness_score, hard_challenge_efficiency, hint_reading_duration, stubbornness_index, impulsive_help_ratio, adaptive_learning_capacity, ratio_redo_success, Psych_Ego_Awareness, Psych_Calculated_Risk_Growth, inter_ambition_vs_reality, HighOrd_Star_x_Effort, Comp_GBA_AoL_Anchored, Mutant_AoL_Resilience, Mutant_Omega_Curiosity",0.3
34,Spearman_gt0.20,7,CatBoost,0.8269,0.8867,0.743,0.0096,"{'model__learning_rate': 0.05, 'model__l2_leaf_reg': 3, 'model__iterations': 50, 'model__depth': 4}","sum_weighted_score, inter_exploratory_brilliance, inter_obsessive_correction, Feat_Resilient_Explorer, Feat_Strategic_Growth, Mutant_AoL_Resilience, Mutant_Omega_Curiosity",4.4
35,Pearson_gt0.15,11,CatBoost,0.8265,0.8867,0.7471,0.0098,"{'model__learning_rate': 0.05, 'model__l2_leaf_reg': 3, 'model__iterations': 50, 'model__depth': 4}","sum_weighted_score, score_velocity, impulsive_help_ratio, Psych_Calculated_Risk, inter_exploratory_brilliance, inter_obsessive_correction, inter_cowardice_penalty, Feat_Resilient_Explorer, Feat_Ego_vs_Capacity, Feat_Strategic_Growth, Mutant_Omega_Curiosity",7.2
36,Lasso_NonZero,33,SVR_RBF,0.8254,0.8869,0.748,0.0091,"{'model__gamma': 0.01, 'model__epsilon': 0.01, 'model__C': 0.1}","sum_weighted_score, humility_challenging, grind_capacity, score_velocity, boldness_score, hard_challenge_efficiency, impulsive_help_ratio, delayed_gratification_hint, tuas_dominance, star_efficiency, hesitation_penalty, hint_dependency_gravity, reckless_action_index, calculated_risk_taking, stubborn_failure_magnitude, time_diff_phase3_vs_phase1, time_diff_max_vs_avg, ratio_hint_time, inter_hint_x_skip, PCA_Dur_x_PCA_Hints, PCA_Dur_squared, Psych_Flow_Stamina, Psych_Deprivation_Fixation, Psych_Ego_Awareness, Psych_Adaptability_Log, ratio_struggle_time, inter_obsessive_correction, inter_cowardice_penalty, Comp_GBA_AoL_Anchored, Feat_Ego_vs_Capacity, Feat_Strategic_Growth, Mutant_AoL_Resilience, Mutant_Omega_Curiosity",2.6
37,MutualInfo_p80,16,ElasticNet,0.8324,0.8869,0.7447,0.0092,"{'model__l1_ratio': 0.3, 'model__alpha': 0.1}","humility_challenging, grind_capacity, boldness_score, hard_challenge_efficiency, hint_reading_duration, stubbornness_index, impulsive_help_ratio, adaptive_learning_capacity, ratio_redo_success, Psych_Ego_Awareness, Psych_Calculated_Risk_Growth, inter_ambition_vs_reality, HighOrd_Star_x_Effort, Comp_GBA_AoL_Anchored, Mutant_AoL_Resilience, Mutant_Omega_Curiosity",0.5
38,MutualInfo_p70,24,ElasticNet,0.8326,0.8869,0.7447,0.0092,"{'model__l1_ratio': 0.3, 'model__alpha': 0.1}","humility_challenging, grind_capacity, boldness_score, hard_challenge_efficiency, hint_reading_duration, stubbornness_index, impulsive_help_ratio, star_efficiency, hint_dependency_gravity, frustration_breakdown_ratio, adaptive_learning_capacity, time_diff_end_vs_start, ratio_hint_time, ratio_redo_success, PCA_Hints, Psych_Deprivation_Fixation, Psych_Ego_Awareness, Psych_Impulsive_Quit, Psych_Calculated_Risk_Growth, inter_ambition_vs_reality, HighOrd_Star_x_Effort, Comp_GBA_AoL_Anchored, Mutant_AoL_Resilience, Mutant_Omega_Curiosity",0.6
39,Spearman_gt0.15,15,SVR_RBF,0.8265,0.8871,0.7462,0.0089,"{'model__gamma': 0.01, 'model__epsilon': 0.01, 'model__C': 0.1}","sum_weighted_score, score_velocity, impulsive_help_ratio, adaptive_learning_capacity, Psych_Calculated_Risk, Psych_Ego_Awareness, ratio_score_per_hint, inter_exploratory_brilliance, inter_obsessive_correction, inter_cowardice_penalty, Feat_Resilient_Explorer, Feat_Ego_vs_Capacity, Feat_Strategic_Growth, Mutant_AoL_Resilience, Mutant_Omega_Curiosity",1.3
40,Kendall_gt0.10,15,SVR_RBF,0.8265,0.8871,0.7462,0.0089,"{'model__gamma': 0.01, 'model__epsilon': 0.01, 'model__C': 0.1}","sum_weighted_score, score_velocity, impulsive_help_ratio, adaptive_learning_capacity, Psych_Calculated_Risk, Psych_Ego_Awareness, ratio_score_per_hint, inter_exploratory_brilliance, inter_obsessive_correction, inter_cowardice_penalty, Feat_Resilient_Explorer, Feat_Ego_vs_Capacity, Feat_Strategic_Growth, Mutant_AoL_Resilience, Mutant_Omega_Curiosity",1.2
41,Spearman_gt0.20,7,Ridge,0.8234,0.8872,0.7458,0.0086,{'model__alpha': 500.0},"sum_weighted_score, inter_exploratory_brilliance, inter_obsessive_correction, Feat_Resilient_Explorer, Feat_Strategic_Growth, Mutant_AoL_Resilience, Mutant_Omega_Curiosity",0.3
42,Spearman_gt0.20,7,Lasso,0.8254,0.8873,0.7463,0.0084,{'model__alpha': 0.01},"sum_weighted_score, inter_exploratory_brilliance, inter_obsessive_correction, Feat_Resilient_Explorer, Feat_Strategic_Growth, Mutant_AoL_Resilience, Mutant_Omega_Curiosity",0.3
43,Pearson_gt0.20,6,SVR_RBF,0.8213,0.8873,0.7486,0.0084,"{'model__gamma': 0.001, 'model__epsilon': 0.01, 'model__C': 10.0}","sum_weighted_score, Psych_Calculated_Risk, inter_exploratory_brilliance, inter_obsessive_correction, Feat_Resilient_Explorer, Mutant_Omega_Curiosity",1.0
44,Spearman_gt0.20,7,ElasticNet,0.8254,0.8873,0.7465,0.0082,"{'model__l1_ratio': 0.7, 'model__alpha': 0.01}","sum_weighted_score, inter_exploratory_brilliance, inter_obsessive_correction, Feat_Resilient_Explorer, Feat_Strategic_Growth, Mutant_AoL_Resilience, Mutant_Omega_Curiosity",0.4
45,Spearman_gt0.20,7,PLSRegression,0.8262,0.8875,0.7465,0.0078,{'model__n_components': 3},"sum_weighted_score, inter_exploratory_brilliance, inter_obsessive_correction, Feat_Resilient_Explorer, Feat_Strategic_Growth, Mutant_AoL_Resilience, Mutant_Omega_Curiosity",0.2
46,Pearson_gt0.20,6,CatBoost,0.8252,0.8876,0.7466,0.0075,"{'model__learning_rate': 0.05, 'model__l2_leaf_reg': 5, 'model__iterations': 50, 'model__depth': 6}","sum_weighted_score, Psych_Calculated_Risk, inter_exploratory_brilliance, inter_obsessive_correction, Feat_Resilient_Explorer, Mutant_Omega_Curiosity",13.6
47,MutualInfo_p70,24,Ridge,0.8301,0.8877,0.7452,0.0074,{'model__alpha': 500.0},"humility_challenging, grind_capacity, boldness_score, hard_challenge_efficiency, hint_reading_duration, stubbornness_index, impulsive_help_ratio, star_efficiency, hint_dependency_gravity, frustration_breakdown_ratio, adaptive_learning_capacity, time_diff_end_vs_start, ratio_hint_time, ratio_redo_success, PCA_Hints, Psych_Deprivation_Fixation, Psych_Ego_Awareness, Psych_Impulsive_Quit, Psych_Calculated_Risk_Growth, inter_ambition_vs_reality, HighOrd_Star_x_Effort, Comp_GBA_AoL_Anchored, Mutant_AoL_Resilience, Mutant_Omega_Curiosity",0.4
48,Pearson_gt0.15,11,SVR_RBF,0.8223,0.8882,0.7471,0.0063,"{'model__gamma': 0.01, 'model__epsilon': 0.01, 'model__C': 0.1}","sum_weighted_score, score_velocity, impulsive_help_ratio, Psych_Calculated_Risk, inter_exploratory_brilliance, inter_obsessive_correction, inter_cowardice_penalty, Feat_Resilient_Explorer, Feat_Ego_vs_Capacity, Feat_Strategic_Growth, Mutant_Omega_Curiosity",3.9
49,Pearson_gt0.15,11,Lasso,0.8249,0.8882,0.7486,0.0062,{'model__alpha': 0.01},"sum_weighted_score, score_velocity, impulsive_help_ratio, Psych_Calculated_Risk, inter_exploratory_brilliance, inter_obsessive_correction, inter_cowardice_penalty, Feat_Resilient_Explorer, Feat_Ego_vs_Capacity, Feat_Strategic_Growth, Mutant_Omega_Curiosity",1.0
50,RFE_Ridge_Top20,20,Lasso,0.8284,0.8884,0.755,0.0059,{'model__alpha': 0.01},"humility_challenging, boldness_score, hard_challenge_efficiency, apathy_speed, delayed_gratification_hint, time_diff_max_vs_avg, ratio_hint_time, ratio_success_per_duration, ratio_redo_success, PCA_Duration, PCA_Hints, Comp_Joyous_Exploration, Comp_Awareness_Limit, Psych_Calculated_Risk, Psych_Ego_Awareness, Psych_Calculated_Risk_Growth, PCA_Performance_Star, inter_exploratory_brilliance, inter_obsessive_correction, Mutant_Omega_Curiosity",0.4
51,RF_Importance_med,40,ElasticNet,0.8309,0.8884,0.7471,0.0057,"{'model__l1_ratio': 0.3, 'model__alpha': 0.1}","sum_weighted_score, struggle_ratio, score_velocity, hard_challenge_efficiency, hint_reading_duration, hint_effectiveness, engagement_persistence, impulsive_help_ratio, carefulness_index, contemplation_index, exploration_efficiency, hyper_curiosity_index, adaptive_learning_capacity, time_diff_end_vs_start, time_diff_phase3_vs_phase1, time_diff_max_vs_avg, ratio_hint_time, ratio_success_per_duration, PCA_Hints, PCA_Dur_x_PCA_Hints, PCA_Dur_squared, Comp_Awareness_Limit, Psych_Flow_Stamina, ratio_struggle_time, inter_sweet_victory, PCA_Performance_Star, HighOrd_Star_x_Effort, inter_exploratory_brilliance, inter_obsessive_correction, inter_cowardice_penalty, HighOrd_Score_x_PCAStar, Comp_GBA_DS_Anchored, Comp_GBA_AoL_Anchored, Feat_Resilient_Explorer, Feat_Ego_vs_Capacity, Feat_Cognitive_Waste, Feat_Strategic_Growth, Mutant_AoL_Resilience, Mutant_Omega_Curiosity, Mutant_Ego_Death",0.9
52,Pearson_gt0.20,6,HuberRegressor,0.8291,0.8885,0.7479,0.0056,"{'model__epsilon': 2.0, 'model__alpha': 0.01}","sum_weighted_score, Psych_Calculated_Risk, inter_exploratory_brilliance, inter_obsessive_correction, Feat_Resilient_Explorer, Mutant_Omega_Curiosity",0.4
53,Pearson_gt0.15,11,Ridge,0.8232,0.8887,0.749,0.0051,{'model__alpha': 100.0},"sum_weighted_score, score_velocity, impulsive_help_ratio, Psych_Calculated_Risk, inter_exploratory_brilliance, inter_obsessive_correction, inter_cowardice_penalty, Feat_Resilient_Explorer, Feat_Ego_vs_Capacity, Feat_Strategic_Growth, Mutant_Omega_Curiosity",1.1
54,Kendall_gt0.15,2,SVR_Linear,0.8213,0.8894,0.7488,0.0037,"{'model__epsilon': 0.01, 'model__C': 10.0}","sum_weighted_score, inter_exploratory_brilliance",0.2
55,MutualInfo_p80,16,Lasso,0.8326,0.8894,0.7517,0.0035,{'model__alpha': 0.01},"humility_challenging, grind_capacity, boldness_score, hard_challenge_efficiency, hint_reading_duration, stubbornness_index, impulsive_help_ratio, adaptive_learning_capacity, ratio_redo_success, Psych_Ego_Awareness, Psych_Calculated_Risk_Growth, inter_ambition_vs_reality, HighOrd_Star_x_Effort, Comp_GBA_AoL_Anchored, Mutant_AoL_Resilience, Mutant_Omega_Curiosity",0.3
56,RF_Importance_p80,16,PLSRegression,0.8304,0.8896,0.744,0.0031,{'model__n_components': 2},"sum_weighted_score, score_velocity, contemplation_index, time_diff_end_vs_start, time_diff_phase3_vs_phase1, time_diff_max_vs_avg, ratio_success_per_duration, PCA_Dur_x_PCA_Hints, Psych_Flow_Stamina, ratio_struggle_time, inter_exploratory_brilliance, inter_obsessive_correction, Comp_GBA_DS_Anchored, Comp_GBA_AoL_Anchored, Feat_Resilient_Explorer, Mutant_AoL_Resilience",0.3
57,RF_Importance_med,40,Ridge,0.8332,0.8896,0.7484,0.0032,{'model__alpha': 500.0},"sum_weighted_score, struggle_ratio, score_velocity, hard_challenge_efficiency, hint_reading_duration, hint_effectiveness, engagement_persistence, impulsive_help_ratio, carefulness_index, contemplation_index, exploration_efficiency, hyper_curiosity_index, adaptive_learning_capacity, time_diff_end_vs_start, time_diff_phase3_vs_phase1, time_diff_max_vs_avg, ratio_hint_time, ratio_success_per_duration, PCA_Hints, PCA_Dur_x_PCA_Hints, PCA_Dur_squared, Comp_Awareness_Limit, Psych_Flow_Stamina, ratio_struggle_time, inter_sweet_victory, PCA_Performance_Star, HighOrd_Star_x_Effort, inter_exploratory_brilliance, inter_obsessive_correction, inter_cowardice_penalty, HighOrd_Score_x_PCAStar, Comp_GBA_DS_Anchored, Comp_GBA_AoL_Anchored, Feat_Resilient_Explorer, Feat_Ego_vs_Capacity, Feat_Cognitive_Waste, Feat_Strategic_Growth, Mutant_AoL_Resilience, Mutant_Omega_Curiosity, Mutant_Ego_Death",0.5
58,MutualInfo_p80,16,CatBoost,0.8286,0.8897,0.7464,0.0029,"{'model__learning_rate': 0.05, 'model__l2_leaf_reg': 3, 'model__iterations': 50, 'model__depth': 4}","humility_challenging, grind_capacity, boldness_score, hard_challenge_efficiency, hint_reading_duration, stubbornness_index, impulsive_help_ratio, adaptive_learning_capacity, ratio_redo_success, Psych_Ego_Awareness, Psych_Calculated_Risk_Growth, inter_ambition_vs_reality, HighOrd_Star_x_Effort, Comp_GBA_AoL_Anchored, Mutant_AoL_Resilience, Mutant_Omega_Curiosity",5.2
59,Spearman_gt0.20,7,HuberRegressor,0.8288,0.8901,0.7486,0.0021,"{'model__epsilon': 2.0, 'model__alpha': 0.01}","sum_weighted_score, inter_exploratory_brilliance, inter_obsessive_correction, Feat_Resilient_Explorer, Feat_Strategic_Growth, Mutant_AoL_Resilience, Mutant_Omega_Curiosity",0.5
60,Pearson_gt0.15,11,ElasticNet,0.8247,0.8908,0.7514,0.0004,"{'model__l1_ratio': 0.7, 'model__alpha': 0.01}","sum_weighted_score, score_velocity, impulsive_help_ratio, Psych_Calculated_Risk, inter_exploratory_brilliance, inter_obsessive_correction, inter_cowardice_penalty, Feat_Resilient_Explorer, Feat_Ego_vs_Capacity, Feat_Strategic_Growth, Mutant_Omega_Curiosity",2.8
61,MutualInfo_p70,24,Lasso,0.8332,0.8911,0.7525,-0.0002,{'model__alpha': 0.01},"humility_challenging, grind_capacity, boldness_score, hard_challenge_efficiency, hint_reading_duration, stubbornness_index, impulsive_help_ratio, star_efficiency, hint_dependency_gravity, frustration_breakdown_ratio, adaptive_learning_capacity, time_diff_end_vs_start, ratio_hint_time, ratio_redo_success, PCA_Hints, Psych_Deprivation_Fixation, Psych_Ego_Awareness, Psych_Impulsive_Quit, Psych_Calculated_Risk_Growth, inter_ambition_vs_reality, HighOrd_Star_x_Effort, Comp_GBA_AoL_Anchored, Mutant_AoL_Resilience, Mutant_Omega_Curiosity",0.4
62,Spearman_gt0.20,7,SVR_RBF,0.822,0.8912,0.7528,-0.0005,"{'model__gamma': 0.001, 'model__epsilon': 0.01, 'model__C': 10.0}","sum_weighted_score, inter_exploratory_brilliance, inter_obsessive_correction, Feat_Resilient_Explorer, Feat_Strategic_Growth, Mutant_AoL_Resilience, Mutant_Omega_Curiosity",1.0
63,RF_Importance_p80,16,CatBoost,0.8229,0.8913,0.7452,-0.0006,"{'model__learning_rate': 0.05, 'model__l2_leaf_reg': 3, 'model__iterations': 50, 'model__depth': 4}","sum_weighted_score, score_velocity, contemplation_index, time_diff_end_vs_start, time_diff_phase3_vs_phase1, time_diff_max_vs_avg, ratio_success_per_duration, PCA_Dur_x_PCA_Hints, Psych_Flow_Stamina, ratio_struggle_time, inter_exploratory_brilliance, inter_obsessive_correction, Comp_GBA_DS_Anchored, Comp_GBA_AoL_Anchored, Feat_Resilient_Explorer, Mutant_AoL_Resilience",7.4
64,RF_Importance_med,40,PLSRegression,0.8385,0.8915,0.7492,-0.0011,{'model__n_components': 2},"sum_weighted_score, struggle_ratio, score_velocity, hard_challenge_efficiency, hint_reading_duration, hint_effectiveness, engagement_persistence, impulsive_help_ratio, carefulness_index, contemplation_index, exploration_efficiency, hyper_curiosity_index, adaptive_learning_capacity, time_diff_end_vs_start, time_diff_phase3_vs_phase1, time_diff_max_vs_avg, ratio_hint_time, ratio_success_per_duration, PCA_Hints, PCA_Dur_x_PCA_Hints, PCA_Dur_squared, Comp_Awareness_Limit, Psych_Flow_Stamina, ratio_struggle_time, inter_sweet_victory, PCA_Performance_Star, HighOrd_Star_x_Effort, inter_exploratory_brilliance, inter_obsessive_correction, inter_cowardice_penalty, HighOrd_Score_x_PCAStar, Comp_GBA_DS_Anchored, Comp_GBA_AoL_Anchored, Feat_Resilient_Explorer, Feat_Ego_vs_Capacity, Feat_Cognitive_Waste, Feat_Strategic_Growth, Mutant_AoL_Resilience, Mutant_Omega_Curiosity, Mutant_Ego_Death",0.5
65,MutualInfo_p70,24,CatBoost,0.8293,0.8916,0.7489,-0.0013,"{'model__learning_rate': 0.05, 'model__l2_leaf_reg': 3, 'model__iterations': 50, 'model__depth': 4}","humility_challenging, grind_capacity, boldness_score, hard_challenge_efficiency, hint_reading_duration, stubbornness_index, impulsive_help_ratio, star_efficiency, hint_dependency_gravity, frustration_breakdown_ratio, adaptive_learning_capacity, time_diff_end_vs_start, ratio_hint_time, ratio_redo_success, PCA_Hints, Psych_Deprivation_Fixation, Psych_Ego_Awareness, Psych_Impulsive_Quit, Psych_Calculated_Risk_Growth, inter_ambition_vs_reality, HighOrd_Star_x_Effort, Comp_GBA_AoL_Anchored, Mutant_AoL_Resilience, Mutant_Omega_Curiosity",6.5
66,RF_Importance_p80,16,Lasso,0.8292,0.8918,0.751,-0.0017,{'model__alpha': 0.01},"sum_weighted_score, score_velocity, contemplation_index, time_diff_end_vs_start, time_diff_phase3_vs_phase1, time_diff_max_vs_avg, ratio_success_per_duration, PCA_Dur_x_PCA_Hints, Psych_Flow_Stamina, ratio_struggle_time, inter_exploratory_brilliance, inter_obsessive_correction, Comp_GBA_DS_Anchored, Comp_GBA_AoL_Anchored, Feat_Resilient_Explorer, Mutant_AoL_Resilience",0.3
67,Spearman_gt0.15,15,PLSRegression,0.8277,0.8923,0.7586,-0.003,{'model__n_components': 3},"sum_weighted_score, score_velocity, impulsive_help_ratio, adaptive_learning_capacity, Psych_Calculated_Risk, Psych_Ego_Awareness, ratio_score_per_hint, inter_exploratory_brilliance, inter_obsessive_correction, inter_cowardice_penalty, Feat_Resilient_Explorer, Feat_Ego_vs_Capacity, Feat_Strategic_Growth, Mutant_AoL_Resilience, Mutant_Omega_Curiosity",0.3
68,Kendall_gt0.10,15,PLSRegression,0.8277,0.8923,0.7586,-0.003,{'model__n_components': 3},"sum_weighted_score, score_velocity, impulsive_help_ratio, adaptive_learning_capacity, Psych_Calculated_Risk, Psych_Ego_Awareness, ratio_score_per_hint, inter_exploratory_brilliance, inter_obsessive_correction, inter_cowardice_penalty, Feat_Resilient_Explorer, Feat_Ego_vs_Capacity, Feat_Strategic_Growth, Mutant_AoL_Resilience, Mutant_Omega_Curiosity",0.2
69,Kendall_gt0.15,2,XGBoost,0.8338,0.8928,0.7452,-0.0041,"{'model__subsample': 0.8, 'model__max_depth': 3, 'model__learning_rate': 0.05, 'model__colsample_bytree': 0.8}","sum_weighted_score, inter_exploratory_brilliance",1.6
70,MutualInfo_p80,16,SVR_RBF,0.8288,0.8932,0.7517,-0.0048,"{'model__gamma': 0.01, 'model__epsilon': 0.01, 'model__C': 0.1}","humility_challenging, grind_capacity, boldness_score, hard_challenge_efficiency, hint_reading_duration, stubbornness_index, impulsive_help_ratio, adaptive_learning_capacity, ratio_redo_success, Psych_Ego_Awareness, Psych_Calculated_Risk_Growth, inter_ambition_vs_reality, HighOrd_Star_x_Effort, Comp_GBA_AoL_Anchored, Mutant_AoL_Resilience, Mutant_Omega_Curiosity",1.4
71,Kendall_gt0.10,15,CatBoost,0.8278,0.8935,0.7562,-0.0056,"{'model__learning_rate': 0.05, 'model__l2_leaf_reg': 5, 'model__iterations': 50, 'model__depth': 6}","sum_weighted_score, score_velocity, impulsive_help_ratio, adaptive_learning_capacity, Psych_Calculated_Risk, Psych_Ego_Awareness, ratio_score_per_hint, inter_exploratory_brilliance, inter_obsessive_correction, inter_cowardice_penalty, Feat_Resilient_Explorer, Feat_Ego_vs_Capacity, Feat_Strategic_Growth, Mutant_AoL_Resilience, Mutant_Omega_Curiosity",6.3
72,Spearman_gt0.15,15,CatBoost,0.8278,0.8935,0.7562,-0.0056,"{'model__learning_rate': 0.05, 'model__l2_leaf_reg': 5, 'model__iterations': 50, 'model__depth': 6}","sum_weighted_score, score_velocity, impulsive_help_ratio, adaptive_learning_capacity, Psych_Calculated_Risk, Psych_Ego_Awareness, ratio_score_per_hint, inter_exploratory_brilliance, inter_obsessive_correction, inter_cowardice_penalty, Feat_Resilient_Explorer, Feat_Ego_vs_Capacity, Feat_Strategic_Growth, Mutant_AoL_Resilience, Mutant_Omega_Curiosity",6.5
73,Pearson_gt0.20,6,RandomForest,0.8257,0.8936,0.7548,-0.0059,"{'model__n_estimators': 200, 'model__min_samples_split': 5, 'model__max_features': 'sqrt', 'model__max_depth': 5}","sum_weighted_score, Psych_Calculated_Risk, inter_exploratory_brilliance, inter_obsessive_correction, Feat_Resilient_Explorer, Mutant_Omega_Curiosity",5.4
74,Pearson_gt0.20,6,SVR_Linear,0.8233,0.8943,0.759,-0.0074,"{'model__epsilon': 0.01, 'model__C': 10.0}","sum_weighted_score, Psych_Calculated_Risk, inter_exploratory_brilliance, inter_obsessive_correction, Feat_Resilient_Explorer, Mutant_Omega_Curiosity",0.3
75,Lasso_NonZero,33,Lasso,0.8331,0.8945,0.7561,-0.0079,{'model__alpha': 0.01},"sum_weighted_score, humility_challenging, grind_capacity, score_velocity, boldness_score, hard_challenge_efficiency, impulsive_help_ratio, delayed_gratification_hint, tuas_dominance, star_efficiency, hesitation_penalty, hint_dependency_gravity, reckless_action_index, calculated_risk_taking, stubborn_failure_magnitude, time_diff_phase3_vs_phase1, time_diff_max_vs_avg, ratio_hint_time, inter_hint_x_skip, PCA_Dur_x_PCA_Hints, PCA_Dur_squared, Psych_Flow_Stamina, Psych_Deprivation_Fixation, Psych_Ego_Awareness, Psych_Adaptability_Log, ratio_struggle_time, inter_obsessive_correction, inter_cowardice_penalty, Comp_GBA_AoL_Anchored, Feat_Ego_vs_Capacity, Feat_Strategic_Growth, Mutant_AoL_Resilience, Mutant_Omega_Curiosity",0.7
76,Spearman_gt0.20,7,SVR_Linear,0.8287,0.8946,0.7587,-0.0081,"{'model__epsilon': 0.01, 'model__C': 10.0}","sum_weighted_score, inter_exploratory_brilliance, inter_obsessive_correction, Feat_Resilient_Explorer, Feat_Strategic_Growth, Mutant_AoL_Resilience, Mutant_Omega_Curiosity",0.4
77,RF_Importance_med,40,CatBoost,0.827,0.8948,0.7496,-0.0085,"{'model__learning_rate': 0.05, 'model__l2_leaf_reg': 3, 'model__iterations': 50, 'model__depth': 4}","sum_weighted_score, struggle_ratio, score_velocity, hard_challenge_efficiency, hint_reading_duration, hint_effectiveness, engagement_persistence, impulsive_help_ratio, carefulness_index, contemplation_index, exploration_efficiency, hyper_curiosity_index, adaptive_learning_capacity, time_diff_end_vs_start, time_diff_phase3_vs_phase1, time_diff_max_vs_avg, ratio_hint_time, ratio_success_per_duration, PCA_Hints, PCA_Dur_x_PCA_Hints, PCA_Dur_squared, Comp_Awareness_Limit, Psych_Flow_Stamina, ratio_struggle_time, inter_sweet_victory, PCA_Performance_Star, HighOrd_Star_x_Effort, inter_exploratory_brilliance, inter_obsessive_correction, inter_cowardice_penalty, HighOrd_Score_x_PCAStar, Comp_GBA_DS_Anchored, Comp_GBA_AoL_Anchored, Feat_Resilient_Explorer, Feat_Ego_vs_Capacity, Feat_Cognitive_Waste, Feat_Strategic_Growth, Mutant_AoL_Resilience, Mutant_Omega_Curiosity, Mutant_Ego_Death",13.8
78,RF_Importance_med,40,SVR_RBF,0.835,0.8949,0.7549,-0.0087,"{'model__gamma': 0.01, 'model__epsilon': 0.01, 'model__C': 0.1}","sum_weighted_score, struggle_ratio, score_velocity, hard_challenge_efficiency, hint_reading_duration, hint_effectiveness, engagement_persistence, impulsive_help_ratio, carefulness_index, contemplation_index, exploration_efficiency, hyper_curiosity_index, adaptive_learning_capacity, time_diff_end_vs_start, time_diff_phase3_vs_phase1, time_diff_max_vs_avg, ratio_hint_time, ratio_success_per_duration, PCA_Hints, PCA_Dur_x_PCA_Hints, PCA_Dur_squared, Comp_Awareness_Limit, Psych_Flow_Stamina, ratio_struggle_time, inter_sweet_victory, PCA_Performance_Star, HighOrd_Star_x_Effort, inter_exploratory_brilliance, inter_obsessive_correction, inter_cowardice_penalty, HighOrd_Score_x_PCAStar, Comp_GBA_DS_Anchored, Comp_GBA_AoL_Anchored, Feat_Resilient_Explorer, Feat_Ego_vs_Capacity, Feat_Cognitive_Waste, Feat_Strategic_Growth, Mutant_AoL_Resilience, Mutant_Omega_Curiosity, Mutant_Ego_Death",2.3
79,Lasso_NonZero,33,CatBoost,0.8287,0.895,0.7548,-0.0089,"{'model__learning_rate': 0.05, 'model__l2_leaf_reg': 5, 'model__iterations': 50, 'model__depth': 6}","sum_weighted_score, humility_challenging, grind_capacity, score_velocity, boldness_score, hard_challenge_efficiency, impulsive_help_ratio, delayed_gratification_hint, tuas_dominance, star_efficiency, hesitation_penalty, hint_dependency_gravity, reckless_action_index, calculated_risk_taking, stubborn_failure_magnitude, time_diff_phase3_vs_phase1, time_diff_max_vs_avg, ratio_hint_time, inter_hint_x_skip, PCA_Dur_x_PCA_Hints, PCA_Dur_squared, Psych_Flow_Stamina, Psych_Deprivation_Fixation, Psych_Ego_Awareness, Psych_Adaptability_Log, ratio_struggle_time, inter_obsessive_correction, inter_cowardice_penalty, Comp_GBA_AoL_Anchored, Feat_Ego_vs_Capacity, Feat_Strategic_Growth, Mutant_AoL_Resilience, Mutant_Omega_Curiosity",9.7
80,MutualInfo_p70,24,SVR_RBF,0.8287,0.895,0.753,-0.009,"{'model__gamma': 0.01, 'model__epsilon': 0.01, 'model__C': 0.1}","humility_challenging, grind_capacity, boldness_score, hard_challenge_efficiency, hint_reading_duration, stubbornness_index, impulsive_help_ratio, star_efficiency, hint_dependency_gravity, frustration_breakdown_ratio, adaptive_learning_capacity, time_diff_end_vs_start, ratio_hint_time, ratio_redo_success, PCA_Hints, Psych_Deprivation_Fixation, Psych_Ego_Awareness, Psych_Impulsive_Quit, Psych_Calculated_Risk_Growth, inter_ambition_vs_reality, HighOrd_Star_x_Effort, Comp_GBA_AoL_Anchored, Mutant_AoL_Resilience, Mutant_Omega_Curiosity",1.9
81,RF_Importance_med,40,Lasso,0.8378,0.8951,0.7551,-0.0092,{'model__alpha': 0.01},"sum_weighted_score, struggle_ratio, score_velocity, hard_challenge_efficiency, hint_reading_duration, hint_effectiveness, engagement_persistence, impulsive_help_ratio, carefulness_index, contemplation_index, exploration_efficiency, hyper_curiosity_index, adaptive_learning_capacity, time_diff_end_vs_start, time_diff_phase3_vs_phase1, time_diff_max_vs_avg, ratio_hint_time, ratio_success_per_duration, PCA_Hints, PCA_Dur_x_PCA_Hints, PCA_Dur_squared, Comp_Awareness_Limit, Psych_Flow_Stamina, ratio_struggle_time, inter_sweet_victory, PCA_Performance_Star, HighOrd_Star_x_Effort, inter_exploratory_brilliance, inter_obsessive_correction, inter_cowardice_penalty, HighOrd_Score_x_PCAStar, Comp_GBA_DS_Anchored, Comp_GBA_AoL_Anchored, Feat_Resilient_Explorer, Feat_Ego_vs_Capacity, Feat_Cognitive_Waste, Feat_Strategic_Growth, Mutant_AoL_Resilience, Mutant_Omega_Curiosity, Mutant_Ego_Death",0.6
82,Spearman_gt0.20,7,RandomForest,0.8311,0.8958,0.7524,-0.0108,"{'model__n_estimators': 200, 'model__min_samples_split': 5, 'model__max_features': 'sqrt', 'model__max_depth': 5}","sum_weighted_score, inter_exploratory_brilliance, inter_obsessive_correction, Feat_Resilient_Explorer, Feat_Strategic_Growth, Mutant_AoL_Resilience, Mutant_Omega_Curiosity",6.3
83,RFE_Ridge_Top20,20,HuberRegressor,0.8384,0.8959,0.757,-0.0111,"{'model__epsilon': 2.0, 'model__alpha': 0.01}","humility_challenging, boldness_score, hard_challenge_efficiency, apathy_speed, delayed_gratification_hint, time_diff_max_vs_avg, ratio_hint_time, ratio_success_per_duration, ratio_redo_success, PCA_Duration, PCA_Hints, Comp_Joyous_Exploration, Comp_Awareness_Limit, Psych_Calculated_Risk, Psych_Ego_Awareness, Psych_Calculated_Risk_Growth, PCA_Performance_Star, inter_exploratory_brilliance, inter_obsessive_correction, Mutant_Omega_Curiosity",0.9
84,Spearman_gt0.20,7,MLP_Regressor,0.8363,0.8959,0.7542,-0.011,"{'model__learning_rate': 'constant', 'model__hidden_layer_sizes': (128,), 'model__alpha': 0.001, 'model__activation': 'relu'}","sum_weighted_score, inter_exploratory_brilliance, inter_obsessive_correction, Feat_Resilient_Explorer, Feat_Strategic_Growth, Mutant_AoL_Resilience, Mutant_Omega_Curiosity",10.6
85,RF_Importance_p80,16,HuberRegressor,0.841,0.8961,0.7523,-0.0115,"{'model__epsilon': 2.0, 'model__alpha': 0.01}","sum_weighted_score, score_velocity, contemplation_index, time_diff_end_vs_start, time_diff_phase3_vs_phase1, time_diff_max_vs_avg, ratio_success_per_duration, PCA_Dur_x_PCA_Hints, Psych_Flow_Stamina, ratio_struggle_time, inter_exploratory_brilliance, inter_obsessive_correction, Comp_GBA_DS_Anchored, Comp_GBA_AoL_Anchored, Feat_Resilient_Explorer, Mutant_AoL_Resilience",0.7
86,MutualInfo_p80,16,HuberRegressor,0.8369,0.8965,0.7492,-0.0125,"{'model__epsilon': 2.0, 'model__alpha': 0.01}","humility_challenging, grind_capacity, boldness_score, hard_challenge_efficiency, hint_reading_duration, stubbornness_index, impulsive_help_ratio, adaptive_learning_capacity, ratio_redo_success, Psych_Ego_Awareness, Psych_Calculated_Risk_Growth, inter_ambition_vs_reality, HighOrd_Star_x_Effort, Comp_GBA_AoL_Anchored, Mutant_AoL_Resilience, Mutant_Omega_Curiosity",1.0
87,Kendall_gt0.10,15,HuberRegressor,0.8342,0.8968,0.7579,-0.0131,"{'model__epsilon': 2.0, 'model__alpha': 0.01}","sum_weighted_score, score_velocity, impulsive_help_ratio, adaptive_learning_capacity, Psych_Calculated_Risk, Psych_Ego_Awareness, ratio_score_per_hint, inter_exploratory_brilliance, inter_obsessive_correction, inter_cowardice_penalty, Feat_Resilient_Explorer, Feat_Ego_vs_Capacity, Feat_Strategic_Growth, Mutant_AoL_Resilience, Mutant_Omega_Curiosity",0.8
88,Spearman_gt0.15,15,HuberRegressor,0.8342,0.8968,0.7579,-0.0131,"{'model__epsilon': 2.0, 'model__alpha': 0.01}","sum_weighted_score, score_velocity, impulsive_help_ratio, adaptive_learning_capacity, Psych_Calculated_Risk, Psych_Ego_Awareness, ratio_score_per_hint, inter_exploratory_brilliance, inter_obsessive_correction, inter_cowardice_penalty, Feat_Resilient_Explorer, Feat_Ego_vs_Capacity, Feat_Strategic_Growth, Mutant_AoL_Resilience, Mutant_Omega_Curiosity",0.8
89,Pearson_gt0.20,6,MLP_Regressor,0.8324,0.8974,0.7586,-0.0144,"{'model__learning_rate': 'constant', 'model__hidden_layer_sizes': (128,), 'model__alpha': 0.001, 'model__activation': 'tanh'}","sum_weighted_score, Psych_Calculated_Risk, inter_exploratory_brilliance, inter_obsessive_correction, Feat_Resilient_Explorer, Mutant_Omega_Curiosity",9.6
90,Pearson_gt0.15,11,SVR_Linear,0.8321,0.8986,0.7628,-0.0171,"{'model__epsilon': 0.01, 'model__C': 10.0}","sum_weighted_score, score_velocity, impulsive_help_ratio, Psych_Calculated_Risk, inter_exploratory_brilliance, inter_obsessive_correction, inter_cowardice_penalty, Feat_Resilient_Explorer, Feat_Ego_vs_Capacity, Feat_Strategic_Growth, Mutant_Omega_Curiosity",1.5
91,RFE_Ridge_Top20,20,CatBoost,0.8274,0.8987,0.7546,-0.0174,"{'model__learning_rate': 0.05, 'model__l2_leaf_reg': 1, 'model__iterations': 50, 'model__depth': 6}","humility_challenging, boldness_score, hard_challenge_efficiency, apathy_speed, delayed_gratification_hint, time_diff_max_vs_avg, ratio_hint_time, ratio_success_per_duration, ratio_redo_success, PCA_Duration, PCA_Hints, Comp_Joyous_Exploration, Comp_Awareness_Limit, Psych_Calculated_Risk, Psych_Ego_Awareness, Psych_Calculated_Risk_Growth, PCA_Performance_Star, inter_exploratory_brilliance, inter_obsessive_correction, Mutant_Omega_Curiosity",6.8
92,MutualInfo_p70,24,HuberRegressor,0.8492,0.8993,0.7493,-0.0186,"{'model__epsilon': 2.0, 'model__alpha': 0.01}","humility_challenging, grind_capacity, boldness_score, hard_challenge_efficiency, hint_reading_duration, stubbornness_index, impulsive_help_ratio, star_efficiency, hint_dependency_gravity, frustration_breakdown_ratio, adaptive_learning_capacity, time_diff_end_vs_start, ratio_hint_time, ratio_redo_success, PCA_Hints, Psych_Deprivation_Fixation, Psych_Ego_Awareness, Psych_Impulsive_Quit, Psych_Calculated_Risk_Growth, inter_ambition_vs_reality, HighOrd_Star_x_Effort, Comp_GBA_AoL_Anchored, Mutant_AoL_Resilience, Mutant_Omega_Curiosity",1.4
93,RF_Importance_p80,16,KNN_Regressor,0.8298,0.8995,0.741,-0.0191,"{'model__weights': 'uniform', 'model__p': 1, 'model__n_neighbors': 15}","sum_weighted_score, score_velocity, contemplation_index, time_diff_end_vs_start, time_diff_phase3_vs_phase1, time_diff_max_vs_avg, ratio_success_per_duration, PCA_Dur_x_PCA_Hints, Psych_Flow_Stamina, ratio_struggle_time, inter_exploratory_brilliance, inter_obsessive_correction, Comp_GBA_DS_Anchored, Comp_GBA_AoL_Anchored, Feat_Resilient_Explorer, Mutant_AoL_Resilience",0.4
94,Pearson_gt0.15,11,HuberRegressor,0.8291,0.8995,0.7575,-0.0192,"{'model__epsilon': 2.0, 'model__alpha': 0.01}","sum_weighted_score, score_velocity, impulsive_help_ratio, Psych_Calculated_Risk, inter_exploratory_brilliance, inter_obsessive_correction, inter_cowardice_penalty, Feat_Resilient_Explorer, Feat_Ego_vs_Capacity, Feat_Strategic_Growth, Mutant_Omega_Curiosity",2.2
95,Pearson_gt0.15,11,RandomForest,0.8319,0.8997,0.7593,-0.0195,"{'model__n_estimators': 200, 'model__min_samples_split': 5, 'model__max_features': 'sqrt', 'model__max_depth': 5}","sum_weighted_score, score_velocity, impulsive_help_ratio, Psych_Calculated_Risk, inter_exploratory_brilliance, inter_obsessive_correction, inter_cowardice_penalty, Feat_Resilient_Explorer, Feat_Ego_vs_Capacity, Feat_Strategic_Growth, Mutant_Omega_Curiosity",16.3
96,Spearman_gt0.15,15,SVR_Linear,0.8369,0.9004,0.7484,-0.0212,"{'model__epsilon': 0.5, 'model__C': 10.0}","sum_weighted_score, score_velocity, impulsive_help_ratio, adaptive_learning_capacity, Psych_Calculated_Risk, Psych_Ego_Awareness, ratio_score_per_hint, inter_exploratory_brilliance, inter_obsessive_correction, inter_cowardice_penalty, Feat_Resilient_Explorer, Feat_Ego_vs_Capacity, Feat_Strategic_Growth, Mutant_AoL_Resilience, Mutant_Omega_Curiosity",0.7
97,Kendall_gt0.10,15,SVR_Linear,0.8369,0.9004,0.7484,-0.0212,"{'model__epsilon': 0.5, 'model__C': 10.0}","sum_weighted_score, score_velocity, impulsive_help_ratio, adaptive_learning_capacity, Psych_Calculated_Risk, Psych_Ego_Awareness, ratio_score_per_hint, inter_exploratory_brilliance, inter_obsessive_correction, inter_cowardice_penalty, Feat_Resilient_Explorer, Feat_Ego_vs_Capacity, Feat_Strategic_Growth, Mutant_AoL_Resilience, Mutant_Omega_Curiosity",0.6
98,RFE_Ridge_Top20,20,SVR_Linear,0.8423,0.9005,0.7607,-0.0214,"{'model__epsilon': 0.5, 'model__C': 1.0}","humility_challenging, boldness_score, hard_challenge_efficiency, apathy_speed, delayed_gratification_hint, time_diff_max_vs_avg, ratio_hint_time, ratio_success_per_duration, ratio_redo_success, PCA_Duration, PCA_Hints, Comp_Joyous_Exploration, Comp_Awareness_Limit, Psych_Calculated_Risk, Psych_Ego_Awareness, Psych_Calculated_Risk_Growth, PCA_Performance_Star, inter_exploratory_brilliance, inter_obsessive_correction, Mutant_Omega_Curiosity",0.6
99,MutualInfo_p80,16,SVR_Linear,0.8349,0.9006,0.7534,-0.0215,"{'model__epsilon': 0.5, 'model__C': 1.0}","humility_challenging, grind_capacity, boldness_score, hard_challenge_efficiency, hint_reading_duration, stubbornness_index, impulsive_help_ratio, adaptive_learning_capacity, ratio_redo_success, Psych_Ego_Awareness, Psych_Calculated_Risk_Growth, inter_ambition_vs_reality, HighOrd_Star_x_Effort, Comp_GBA_AoL_Anchored, Mutant_AoL_Resilience, Mutant_Omega_Curiosity",0.8
100,Lasso_NonZero,33,RandomForest,0.8331,0.9013,0.7615,-0.0233,"{'model__n_estimators': 200, 'model__min_samples_split': 5, 'model__max_features': 'sqrt', 'model__max_depth': 5}","sum_weighted_score, humility_challenging, grind_capacity, score_velocity, boldness_score, hard_challenge_efficiency, impulsive_help_ratio, delayed_gratification_hint, tuas_dominance, star_efficiency, hesitation_penalty, hint_dependency_gravity, reckless_action_index, calculated_risk_taking, stubborn_failure_magnitude, time_diff_phase3_vs_phase1, time_diff_max_vs_avg, ratio_hint_time, inter_hint_x_skip, PCA_Dur_x_PCA_Hints, PCA_Dur_squared, Psych_Flow_Stamina, Psych_Deprivation_Fixation, Psych_Ego_Awareness, Psych_Adaptability_Log, ratio_struggle_time, inter_obsessive_correction, inter_cowardice_penalty, Comp_GBA_AoL_Anchored, Feat_Ego_vs_Capacity, Feat_Strategic_Growth, Mutant_AoL_Resilience, Mutant_Omega_Curiosity",6.0
101,RF_Importance_med,40,SVR_Linear,0.8844,0.9023,0.7499,-0.0255,"{'model__epsilon': 0.5, 'model__C': 1.0}","sum_weighted_score, struggle_ratio, score_velocity, hard_challenge_efficiency, hint_reading_duration, hint_effectiveness, engagement_persistence, impulsive_help_ratio, carefulness_index, contemplation_index, exploration_efficiency, hyper_curiosity_index, adaptive_learning_capacity, time_diff_end_vs_start, time_diff_phase3_vs_phase1, time_diff_max_vs_avg, ratio_hint_time, ratio_success_per_duration, PCA_Hints, PCA_Dur_x_PCA_Hints, PCA_Dur_squared, Comp_Awareness_Limit, Psych_Flow_Stamina, ratio_struggle_time, inter_sweet_victory, PCA_Performance_Star, HighOrd_Star_x_Effort, inter_exploratory_brilliance, inter_obsessive_correction, inter_cowardice_penalty, HighOrd_Score_x_PCAStar, Comp_GBA_DS_Anchored, Comp_GBA_AoL_Anchored, Feat_Resilient_Explorer, Feat_Ego_vs_Capacity, Feat_Cognitive_Waste, Feat_Strategic_Growth, Mutant_AoL_Resilience, Mutant_Omega_Curiosity, Mutant_Ego_Death",1.4
102,Kendall_gt0.10,15,RandomForest,0.834,0.9026,0.7647,-0.0262,"{'model__n_estimators': 200, 'model__min_samples_split': 5, 'model__max_features': 'sqrt', 'model__max_depth': 5}","sum_weighted_score, score_velocity, impulsive_help_ratio, adaptive_learning_capacity, Psych_Calculated_Risk, Psych_Ego_Awareness, ratio_score_per_hint, inter_exploratory_brilliance, inter_obsessive_correction, inter_cowardice_penalty, Feat_Resilient_Explorer, Feat_Ego_vs_Capacity, Feat_Strategic_Growth, Mutant_AoL_Resilience, Mutant_Omega_Curiosity",5.3
103,Spearman_gt0.15,15,RandomForest,0.834,0.9026,0.7647,-0.0262,"{'model__n_estimators': 200, 'model__min_samples_split': 5, 'model__max_features': 'sqrt', 'model__max_depth': 5}","sum_weighted_score, score_velocity, impulsive_help_ratio, adaptive_learning_capacity, Psych_Calculated_Risk, Psych_Ego_Awareness, ratio_score_per_hint, inter_exploratory_brilliance, inter_obsessive_correction, inter_cowardice_penalty, Feat_Resilient_Explorer, Feat_Ego_vs_Capacity, Feat_Strategic_Growth, Mutant_AoL_Resilience, Mutant_Omega_Curiosity",5.2
104,RF_Importance_med,40,HuberRegressor,0.8705,0.9027,0.7489,-0.0263,"{'model__epsilon': 2.0, 'model__alpha': 0.01}","sum_weighted_score, struggle_ratio, score_velocity, hard_challenge_efficiency, hint_reading_duration, hint_effectiveness, engagement_persistence, impulsive_help_ratio, carefulness_index, contemplation_index, exploration_efficiency, hyper_curiosity_index, adaptive_learning_capacity, time_diff_end_vs_start, time_diff_phase3_vs_phase1, time_diff_max_vs_avg, ratio_hint_time, ratio_success_per_duration, PCA_Hints, PCA_Dur_x_PCA_Hints, PCA_Dur_squared, Comp_Awareness_Limit, Psych_Flow_Stamina, ratio_struggle_time, inter_sweet_victory, PCA_Performance_Star, HighOrd_Star_x_Effort, inter_exploratory_brilliance, inter_obsessive_correction, inter_cowardice_penalty, HighOrd_Score_x_PCAStar, Comp_GBA_DS_Anchored, Comp_GBA_AoL_Anchored, Feat_Resilient_Explorer, Feat_Ego_vs_Capacity, Feat_Cognitive_Waste, Feat_Strategic_Growth, Mutant_AoL_Resilience, Mutant_Omega_Curiosity, Mutant_Ego_Death",2.8
105,MutualInfo_p80,16,RandomForest,0.8355,0.9032,0.7599,-0.0275,"{'model__n_estimators': 200, 'model__min_samples_split': 2, 'model__max_features': 'sqrt', 'model__max_depth': 5}","humility_challenging, grind_capacity, boldness_score, hard_challenge_efficiency, hint_reading_duration, stubbornness_index, impulsive_help_ratio, adaptive_learning_capacity, ratio_redo_success, Psych_Ego_Awareness, Psych_Calculated_Risk_Growth, inter_ambition_vs_reality, HighOrd_Star_x_Effort, Comp_GBA_AoL_Anchored, Mutant_AoL_Resilience, Mutant_Omega_Curiosity",5.2
106,Pearson_gt0.15,11,KNN_Regressor,0.8448,0.9043,0.7635,-0.03,"{'model__weights': 'uniform', 'model__p': 1, 'model__n_neighbors': 15}","sum_weighted_score, score_velocity, impulsive_help_ratio, Psych_Calculated_Risk, inter_exploratory_brilliance, inter_obsessive_correction, inter_cowardice_penalty, Feat_Resilient_Explorer, Feat_Ego_vs_Capacity, Feat_Strategic_Growth, Mutant_Omega_Curiosity",1.6
107,RF_Importance_p80,16,SVR_Linear,0.843,0.9048,0.7596,-0.0312,"{'model__epsilon': 0.5, 'model__C': 1.0}","sum_weighted_score, score_velocity, contemplation_index, time_diff_end_vs_start, time_diff_phase3_vs_phase1, time_diff_max_vs_avg, ratio_success_per_duration, PCA_Dur_x_PCA_Hints, Psych_Flow_Stamina, ratio_struggle_time, inter_exploratory_brilliance, inter_obsessive_correction, Comp_GBA_DS_Anchored, Comp_GBA_AoL_Anchored, Feat_Resilient_Explorer, Mutant_AoL_Resilience",1.0
108,Pearson_gt0.20,6,XGBoost,0.8386,0.9055,0.7642,-0.0327,"{'model__subsample': 0.8, 'model__max_depth': 3, 'model__learning_rate': 0.05, 'model__colsample_bytree': 0.8}","sum_weighted_score, Psych_Calculated_Risk, inter_exploratory_brilliance, inter_obsessive_correction, Feat_Resilient_Explorer, Mutant_Omega_Curiosity",5.5
109,MutualInfo_p70,24,RandomForest,0.8335,0.9078,0.7658,-0.0379,"{'model__n_estimators': 200, 'model__min_samples_split': 2, 'model__max_features': 'sqrt', 'model__max_depth': 5}","humility_challenging, grind_capacity, boldness_score, hard_challenge_efficiency, hint_reading_duration, stubbornness_index, impulsive_help_ratio, star_efficiency, hint_dependency_gravity, frustration_breakdown_ratio, adaptive_learning_capacity, time_diff_end_vs_start, ratio_hint_time, ratio_redo_success, PCA_Hints, Psych_Deprivation_Fixation, Psych_Ego_Awareness, Psych_Impulsive_Quit, Psych_Calculated_Risk_Growth, inter_ambition_vs_reality, HighOrd_Star_x_Effort, Comp_GBA_AoL_Anchored, Mutant_AoL_Resilience, Mutant_Omega_Curiosity",5.0
110,MutualInfo_p70,24,SVR_Linear,0.8559,0.9093,0.7583,-0.0415,"{'model__epsilon': 0.5, 'model__C': 1.0}","humility_challenging, grind_capacity, boldness_score, hard_challenge_efficiency, hint_reading_duration, stubbornness_index, impulsive_help_ratio, star_efficiency, hint_dependency_gravity, frustration_breakdown_ratio, adaptive_learning_capacity, time_diff_end_vs_start, ratio_hint_time, ratio_redo_success, PCA_Hints, Psych_Deprivation_Fixation, Psych_Ego_Awareness, Psych_Impulsive_Quit, Psych_Calculated_Risk_Growth, inter_ambition_vs_reality, HighOrd_Star_x_Effort, Comp_GBA_AoL_Anchored, Mutant_AoL_Resilience, Mutant_Omega_Curiosity",0.9
111,Spearman_gt0.15,15,XGBoost,0.863,0.9093,0.7734,-0.0416,"{'model__subsample': 1.0, 'model__max_depth': 3, 'model__learning_rate': 0.05, 'model__colsample_bytree': 1.0}","sum_weighted_score, score_velocity, impulsive_help_ratio, adaptive_learning_capacity, Psych_Calculated_Risk, Psych_Ego_Awareness, ratio_score_per_hint, inter_exploratory_brilliance, inter_obsessive_correction, inter_cowardice_penalty, Feat_Resilient_Explorer, Feat_Ego_vs_Capacity, Feat_Strategic_Growth, Mutant_AoL_Resilience, Mutant_Omega_Curiosity",7.5
112,Pearson_gt0.20,6,KNN_Regressor,0.8434,0.9093,0.7704,-0.0416,"{'model__weights': 'uniform', 'model__p': 1, 'model__n_neighbors': 15}","sum_weighted_score, Psych_Calculated_Risk, inter_exploratory_brilliance, inter_obsessive_correction, Feat_Resilient_Explorer, Mutant_Omega_Curiosity",0.3
113,Kendall_gt0.10,15,XGBoost,0.863,0.9093,0.7734,-0.0416,"{'model__subsample': 1.0, 'model__max_depth': 3, 'model__learning_rate': 0.05, 'model__colsample_bytree': 1.0}","sum_weighted_score, score_velocity, impulsive_help_ratio, adaptive_learning_capacity, Psych_Calculated_Risk, Psych_Ego_Awareness, ratio_score_per_hint, inter_exploratory_brilliance, inter_obsessive_correction, inter_cowardice_penalty, Feat_Resilient_Explorer, Feat_Ego_vs_Capacity, Feat_Strategic_Growth, Mutant_AoL_Resilience, Mutant_Omega_Curiosity",7.5
114,Pearson_gt0.15,11,XGBoost,0.8524,0.9096,0.7647,-0.0422,"{'model__subsample': 0.8, 'model__max_depth': 3, 'model__learning_rate': 0.05, 'model__colsample_bytree': 0.8}","sum_weighted_score, score_velocity, impulsive_help_ratio, Psych_Calculated_Risk, inter_exploratory_brilliance, inter_obsessive_correction, inter_cowardice_penalty, Feat_Resilient_Explorer, Feat_Ego_vs_Capacity, Feat_Strategic_Growth, Mutant_Omega_Curiosity",7.2
115,RF_Importance_med,40,RandomForest,0.8343,0.9096,0.7639,-0.0421,"{'model__n_estimators': 100, 'model__min_samples_split': 2, 'model__max_features': 'log2', 'model__max_depth': 5}","sum_weighted_score, struggle_ratio, score_velocity, hard_challenge_efficiency, hint_reading_duration, hint_effectiveness, engagement_persistence, impulsive_help_ratio, carefulness_index, contemplation_index, exploration_efficiency, hyper_curiosity_index, adaptive_learning_capacity, time_diff_end_vs_start, time_diff_phase3_vs_phase1, time_diff_max_vs_avg, ratio_hint_time, ratio_success_per_duration, PCA_Hints, PCA_Dur_x_PCA_Hints, PCA_Dur_squared, Comp_Awareness_Limit, Psych_Flow_Stamina, ratio_struggle_time, inter_sweet_victory, PCA_Performance_Star, HighOrd_Star_x_Effort, inter_exploratory_brilliance, inter_obsessive_correction, inter_cowardice_penalty, HighOrd_Score_x_PCAStar, Comp_GBA_DS_Anchored, Comp_GBA_AoL_Anchored, Feat_Resilient_Explorer, Feat_Ego_vs_Capacity, Feat_Cognitive_Waste, Feat_Strategic_Growth, Mutant_AoL_Resilience, Mutant_Omega_Curiosity, Mutant_Ego_Death",6.1
116,RF_Importance_p80,16,RandomForest,0.8263,0.9097,0.761,-0.0423,"{'model__n_estimators': 200, 'model__min_samples_split': 2, 'model__max_features': 'sqrt', 'model__max_depth': 5}","sum_weighted_score, score_velocity, contemplation_index, time_diff_end_vs_start, time_diff_phase3_vs_phase1, time_diff_max_vs_avg, ratio_success_per_duration, PCA_Dur_x_PCA_Hints, Psych_Flow_Stamina, ratio_struggle_time, inter_exploratory_brilliance, inter_obsessive_correction, Comp_GBA_DS_Anchored, Comp_GBA_AoL_Anchored, Feat_Resilient_Explorer, Mutant_AoL_Resilience",5.4
117,Spearman_gt0.20,7,XGBoost,0.849,0.9098,0.7656,-0.0425,"{'model__subsample': 1.0, 'model__max_depth': 3, 'model__learning_rate': 0.05, 'model__colsample_bytree': 0.8}","sum_weighted_score, inter_exploratory_brilliance, inter_obsessive_correction, Feat_Resilient_Explorer, Feat_Strategic_Growth, Mutant_AoL_Resilience, Mutant_Omega_Curiosity",4.1
118,Lasso_NonZero,33,XGBoost,0.8604,0.9138,0.771,-0.0518,"{'model__subsample': 1.0, 'model__max_depth': 3, 'model__learning_rate': 0.05, 'model__colsample_bytree': 0.8}","sum_weighted_score, humility_challenging, grind_capacity, score_velocity, boldness_score, hard_challenge_efficiency, impulsive_help_ratio, delayed_gratification_hint, tuas_dominance, star_efficiency, hesitation_penalty, hint_dependency_gravity, reckless_action_index, calculated_risk_taking, stubborn_failure_magnitude, time_diff_phase3_vs_phase1, time_diff_max_vs_avg, ratio_hint_time, inter_hint_x_skip, PCA_Dur_x_PCA_Hints, PCA_Dur_squared, Psych_Flow_Stamina, Psych_Deprivation_Fixation, Psych_Ego_Awareness, Psych_Adaptability_Log, ratio_struggle_time, inter_obsessive_correction, inter_cowardice_penalty, Comp_GBA_AoL_Anchored, Feat_Ego_vs_Capacity, Feat_Strategic_Growth, Mutant_AoL_Resilience, Mutant_Omega_Curiosity",13.5
119,RFE_Ridge_Top20,20,XGBoost,0.8508,0.9138,0.7578,-0.0518,"{'model__subsample': 1.0, 'model__max_depth': 3, 'model__learning_rate': 0.05, 'model__colsample_bytree': 0.8}","humility_challenging, boldness_score, hard_challenge_efficiency, apathy_speed, delayed_gratification_hint, time_diff_max_vs_avg, ratio_hint_time, ratio_success_per_duration, ratio_redo_success, PCA_Duration, PCA_Hints, Comp_Joyous_Exploration, Comp_Awareness_Limit, Psych_Calculated_Risk, Psych_Ego_Awareness, Psych_Calculated_Risk_Growth, PCA_Performance_Star, inter_exploratory_brilliance, inter_obsessive_correction, Mutant_Omega_Curiosity",9.3
120,RFE_Ridge_Top20,20,RandomForest,0.8322,0.9145,0.7705,-0.0534,"{'model__n_estimators': 100, 'model__min_samples_split': 2, 'model__max_features': 'sqrt', 'model__max_depth': 5}","humility_challenging, boldness_score, hard_challenge_efficiency, apathy_speed, delayed_gratification_hint, time_diff_max_vs_avg, ratio_hint_time, ratio_success_per_duration, ratio_redo_success, PCA_Duration, PCA_Hints, Comp_Joyous_Exploration, Comp_Awareness_Limit, Psych_Calculated_Risk, Psych_Ego_Awareness, Psych_Calculated_Risk_Growth, PCA_Performance_Star, inter_exploratory_brilliance, inter_obsessive_correction, Mutant_Omega_Curiosity",5.0
121,Kendall_gt0.15,2,KNN_Regressor,0.8368,0.9147,0.7653,-0.0538,"{'model__weights': 'uniform', 'model__p': 1, 'model__n_neighbors': 15}","sum_weighted_score, inter_exploratory_brilliance",0.2
122,MutualInfo_p80,16,KNN_Regressor,0.8456,0.9181,0.7642,-0.0616,"{'model__weights': 'uniform', 'model__p': 2, 'model__n_neighbors': 15}","humility_challenging, grind_capacity, boldness_score, hard_challenge_efficiency, hint_reading_duration, stubbornness_index, impulsive_help_ratio, adaptive_learning_capacity, ratio_redo_success, Psych_Ego_Awareness, Psych_Calculated_Risk_Growth, inter_ambition_vs_reality, HighOrd_Star_x_Effort, Comp_GBA_AoL_Anchored, Mutant_AoL_Resilience, Mutant_Omega_Curiosity",0.8
123,Spearman_gt0.15,15,KNN_Regressor,0.8443,0.9184,0.7813,-0.0625,"{'model__weights': 'uniform', 'model__p': 1, 'model__n_neighbors': 15}","sum_weighted_score, score_velocity, impulsive_help_ratio, adaptive_learning_capacity, Psych_Calculated_Risk, Psych_Ego_Awareness, ratio_score_per_hint, inter_exploratory_brilliance, inter_obsessive_correction, inter_cowardice_penalty, Feat_Resilient_Explorer, Feat_Ego_vs_Capacity, Feat_Strategic_Growth, Mutant_AoL_Resilience, Mutant_Omega_Curiosity",0.5
124,Kendall_gt0.10,15,KNN_Regressor,0.8443,0.9184,0.7813,-0.0625,"{'model__weights': 'uniform', 'model__p': 1, 'model__n_neighbors': 15}","sum_weighted_score, score_velocity, impulsive_help_ratio, adaptive_learning_capacity, Psych_Calculated_Risk, Psych_Ego_Awareness, ratio_score_per_hint, inter_exploratory_brilliance, inter_obsessive_correction, inter_cowardice_penalty, Feat_Resilient_Explorer, Feat_Ego_vs_Capacity, Feat_Strategic_Growth, Mutant_AoL_Resilience, Mutant_Omega_Curiosity",0.4
125,Lasso_NonZero,33,KNN_Regressor,0.8462,0.9191,0.7606,-0.064,"{'model__weights': 'uniform', 'model__p': 2, 'model__n_neighbors': 15}","sum_weighted_score, humility_challenging, grind_capacity, score_velocity, boldness_score, hard_challenge_efficiency, impulsive_help_ratio, delayed_gratification_hint, tuas_dominance, star_efficiency, hesitation_penalty, hint_dependency_gravity, reckless_action_index, calculated_risk_taking, stubborn_failure_magnitude, time_diff_phase3_vs_phase1, time_diff_max_vs_avg, ratio_hint_time, inter_hint_x_skip, PCA_Dur_x_PCA_Hints, PCA_Dur_squared, Psych_Flow_Stamina, Psych_Deprivation_Fixation, Psych_Ego_Awareness, Psych_Adaptability_Log, ratio_struggle_time, inter_obsessive_correction, inter_cowardice_penalty, Comp_GBA_AoL_Anchored, Feat_Ego_vs_Capacity, Feat_Strategic_Growth, Mutant_AoL_Resilience, Mutant_Omega_Curiosity",0.9
126,Kendall_gt0.10,15,MLP_Regressor,0.8548,0.9213,0.7752,-0.0692,"{'model__learning_rate': 'constant', 'model__hidden_layer_sizes': (128,), 'model__alpha': 0.001, 'model__activation': 'tanh'}","sum_weighted_score, score_velocity, impulsive_help_ratio, adaptive_learning_capacity, Psych_Calculated_Risk, Psych_Ego_Awareness, ratio_score_per_hint, inter_exploratory_brilliance, inter_obsessive_correction, inter_cowardice_penalty, Feat_Resilient_Explorer, Feat_Ego_vs_Capacity, Feat_Strategic_Growth, Mutant_AoL_Resilience, Mutant_Omega_Curiosity",12.3
127,Spearman_gt0.20,7,KNN_Regressor,0.8484,0.9213,0.7772,-0.0692,"{'model__weights': 'uniform', 'model__p': 2, 'model__n_neighbors': 15}","sum_weighted_score, inter_exploratory_brilliance, inter_obsessive_correction, Feat_Resilient_Explorer, Feat_Strategic_Growth, Mutant_AoL_Resilience, Mutant_Omega_Curiosity",0.4
128,Spearman_gt0.15,15,MLP_Regressor,0.8548,0.9213,0.7752,-0.0692,"{'model__learning_rate': 'constant', 'model__hidden_layer_sizes': (128,), 'model__alpha': 0.001, 'model__activation': 'tanh'}","sum_weighted_score, score_velocity, impulsive_help_ratio, adaptive_learning_capacity, Psych_Calculated_Risk, Psych_Ego_Awareness, ratio_score_per_hint, inter_exploratory_brilliance, inter_obsessive_correction, inter_cowardice_penalty, Feat_Resilient_Explorer, Feat_Ego_vs_Capacity, Feat_Strategic_Growth, Mutant_AoL_Resilience, Mutant_Omega_Curiosity",12.5
129,RF_Importance_med,40,KNN_Regressor,0.8379,0.9224,0.7774,-0.0716,"{'model__weights': 'uniform', 'model__p': 1, 'model__n_neighbors': 15}","sum_weighted_score, struggle_ratio, score_velocity, hard_challenge_efficiency, hint_reading_duration, hint_effectiveness, engagement_persistence, impulsive_help_ratio, carefulness_index, contemplation_index, exploration_efficiency, hyper_curiosity_index, adaptive_learning_capacity, time_diff_end_vs_start, time_diff_phase3_vs_phase1, time_diff_max_vs_avg, ratio_hint_time, ratio_success_per_duration, PCA_Hints, PCA_Dur_x_PCA_Hints, PCA_Dur_squared, Comp_Awareness_Limit, Psych_Flow_Stamina, ratio_struggle_time, inter_sweet_victory, PCA_Performance_Star, HighOrd_Star_x_Effort, inter_exploratory_brilliance, inter_obsessive_correction, inter_cowardice_penalty, HighOrd_Score_x_PCAStar, Comp_GBA_DS_Anchored, Comp_GBA_AoL_Anchored, Feat_Resilient_Explorer, Feat_Ego_vs_Capacity, Feat_Cognitive_Waste, Feat_Strategic_Growth, Mutant_AoL_Resilience, Mutant_Omega_Curiosity, Mutant_Ego_Death",0.9
130,RF_Importance_med,40,XGBoost,0.8624,0.924,0.7589,-0.0755,"{'model__subsample': 1.0, 'model__max_depth': 3, 'model__learning_rate': 0.05, 'model__colsample_bytree': 1.0}","sum_weighted_score, struggle_ratio, score_velocity, hard_challenge_efficiency, hint_reading_duration, hint_effectiveness, engagement_persistence, impulsive_help_ratio, carefulness_index, contemplation_index, exploration_efficiency, hyper_curiosity_index, adaptive_learning_capacity, time_diff_end_vs_start, time_diff_phase3_vs_phase1, time_diff_max_vs_avg, ratio_hint_time, ratio_success_per_duration, PCA_Hints, PCA_Dur_x_PCA_Hints, PCA_Dur_squared, Comp_Awareness_Limit, Psych_Flow_Stamina, ratio_struggle_time, inter_sweet_victory, PCA_Performance_Star, HighOrd_Star_x_Effort, inter_exploratory_brilliance, inter_obsessive_correction, inter_cowardice_penalty, HighOrd_Score_x_PCAStar, Comp_GBA_DS_Anchored, Comp_GBA_AoL_Anchored, Feat_Resilient_Explorer, Feat_Ego_vs_Capacity, Feat_Cognitive_Waste, Feat_Strategic_Growth, Mutant_AoL_Resilience, Mutant_Omega_Curiosity, Mutant_Ego_Death",23.8
131,RF_Importance_p80,16,XGBoost,0.8367,0.9259,0.7682,-0.0799,"{'model__subsample': 1.0, 'model__max_depth': 3, 'model__learning_rate': 0.05, 'model__colsample_bytree': 0.8}","sum_weighted_score, score_velocity, contemplation_index, time_diff_end_vs_start, time_diff_phase3_vs_phase1, time_diff_max_vs_avg, ratio_success_per_duration, PCA_Dur_x_PCA_Hints, Psych_Flow_Stamina, ratio_struggle_time, inter_exploratory_brilliance, inter_obsessive_correction, Comp_GBA_DS_Anchored, Comp_GBA_AoL_Anchored, Feat_Resilient_Explorer, Mutant_AoL_Resilience",10.4
132,Lasso_NonZero,33,HuberRegressor,0.8495,0.9286,0.781,-0.0863,"{'model__epsilon': 2.0, 'model__alpha': 0.01}","sum_weighted_score, humility_challenging, grind_capacity, score_velocity, boldness_score, hard_challenge_efficiency, impulsive_help_ratio, delayed_gratification_hint, tuas_dominance, star_efficiency, hesitation_penalty, hint_dependency_gravity, reckless_action_index, calculated_risk_taking, stubborn_failure_magnitude, time_diff_phase3_vs_phase1, time_diff_max_vs_avg, ratio_hint_time, inter_hint_x_skip, PCA_Dur_x_PCA_Hints, PCA_Dur_squared, Psych_Flow_Stamina, Psych_Deprivation_Fixation, Psych_Ego_Awareness, Psych_Adaptability_Log, ratio_struggle_time, inter_obsessive_correction, inter_cowardice_penalty, Comp_GBA_AoL_Anchored, Feat_Ego_vs_Capacity, Feat_Strategic_Growth, Mutant_AoL_Resilience, Mutant_Omega_Curiosity",1.3
133,MutualInfo_p80,16,XGBoost,0.8602,0.9295,0.7845,-0.0884,"{'model__subsample': 1.0, 'model__max_depth': 3, 'model__learning_rate': 0.05, 'model__colsample_bytree': 0.8}","humility_challenging, grind_capacity, boldness_score, hard_challenge_efficiency, hint_reading_duration, stubbornness_index, impulsive_help_ratio, adaptive_learning_capacity, ratio_redo_success, Psych_Ego_Awareness, Psych_Calculated_Risk_Growth, inter_ambition_vs_reality, HighOrd_Star_x_Effort, Comp_GBA_AoL_Anchored, Mutant_AoL_Resilience, Mutant_Omega_Curiosity",5.4
134,Lasso_NonZero,33,SVR_Linear,0.8539,0.9338,0.7828,-0.0983,"{'model__epsilon': 0.5, 'model__C': 1.0}","sum_weighted_score, humility_challenging, grind_capacity, score_velocity, boldness_score, hard_challenge_efficiency, impulsive_help_ratio, delayed_gratification_hint, tuas_dominance, star_efficiency, hesitation_penalty, hint_dependency_gravity, reckless_action_index, calculated_risk_taking, stubborn_failure_magnitude, time_diff_phase3_vs_phase1, time_diff_max_vs_avg, ratio_hint_time, inter_hint_x_skip, PCA_Dur_x_PCA_Hints, PCA_Dur_squared, Psych_Flow_Stamina, Psych_Deprivation_Fixation, Psych_Ego_Awareness, Psych_Adaptability_Log, ratio_struggle_time, inter_obsessive_correction, inter_cowardice_penalty, Comp_GBA_AoL_Anchored, Feat_Ego_vs_Capacity, Feat_Strategic_Growth, Mutant_AoL_Resilience, Mutant_Omega_Curiosity",1.1
135,RFE_Ridge_Top20,20,KNN_Regressor,0.8498,0.9361,0.7745,-0.1037,"{'model__weights': 'distance', 'model__p': 1, 'model__n_neighbors': 15}","humility_challenging, boldness_score, hard_challenge_efficiency, apathy_speed, delayed_gratification_hint, time_diff_max_vs_avg, ratio_hint_time, ratio_success_per_duration, ratio_redo_success, PCA_Duration, PCA_Hints, Comp_Joyous_Exploration, Comp_Awareness_Limit, Psych_Calculated_Risk, Psych_Ego_Awareness, Psych_Calculated_Risk_Growth, PCA_Performance_Star, inter_exploratory_brilliance, inter_obsessive_correction, Mutant_Omega_Curiosity",0.5
136,Pearson_gt0.15,11,MLP_Regressor,0.843,0.9412,0.7993,-0.1158,"{'model__learning_rate': 'adaptive', 'model__hidden_layer_sizes': (64, 32), 'model__alpha': 0.01, 'model__activation': 'tanh'}","sum_weighted_score, score_velocity, impulsive_help_ratio, Psych_Calculated_Risk, inter_exploratory_brilliance, inter_obsessive_correction, inter_cowardice_penalty, Feat_Resilient_Explorer, Feat_Ego_vs_Capacity, Feat_Strategic_Growth, Mutant_Omega_Curiosity",19.1
137,MutualInfo_p70,24,KNN_Regressor,0.8533,0.9547,0.7891,-0.1482,"{'model__weights': 'distance', 'model__p': 1, 'model__n_neighbors': 15}","humility_challenging, grind_capacity, boldness_score, hard_challenge_efficiency, hint_reading_duration, stubbornness_index, impulsive_help_ratio, star_efficiency, hint_dependency_gravity, frustration_breakdown_ratio, adaptive_learning_capacity, time_diff_end_vs_start, ratio_hint_time, ratio_redo_success, PCA_Hints, Psych_Deprivation_Fixation, Psych_Ego_Awareness, Psych_Impulsive_Quit, Psych_Calculated_Risk_Growth, inter_ambition_vs_reality, HighOrd_Star_x_Effort, Comp_GBA_AoL_Anchored, Mutant_AoL_Resilience, Mutant_Omega_Curiosity",0.6
138,MutualInfo_p70,24,XGBoost,0.8608,0.959,0.8057,-0.1585,"{'model__subsample': 0.8, 'model__max_depth': 3, 'model__learning_rate': 0.05, 'model__colsample_bytree': 0.8}","humility_challenging, grind_capacity, boldness_score, hard_challenge_efficiency, hint_reading_duration, stubbornness_index, impulsive_help_ratio, star_efficiency, hint_dependency_gravity, frustration_breakdown_ratio, adaptive_learning_capacity, time_diff_end_vs_start, ratio_hint_time, ratio_redo_success, PCA_Hints, Psych_Deprivation_Fixation, Psych_Ego_Awareness, Psych_Impulsive_Quit, Psych_Calculated_Risk_Growth, inter_ambition_vs_reality, HighOrd_Star_x_Effort, Comp_GBA_AoL_Anchored, Mutant_AoL_Resilience, Mutant_Omega_Curiosity",8.5
139,RFE_Ridge_Top20,20,MLP_Regressor,0.8785,0.9665,0.8014,-0.1766,"{'model__learning_rate': 'constant', 'model__hidden_layer_sizes': (128,), 'model__alpha': 0.001, 'model__activation': 'tanh'}","humility_challenging, boldness_score, hard_challenge_efficiency, apathy_speed, delayed_gratification_hint, time_diff_max_vs_avg, ratio_hint_time, ratio_success_per_duration, ratio_redo_success, PCA_Duration, PCA_Hints, Comp_Joyous_Exploration, Comp_Awareness_Limit, Psych_Calculated_Risk, Psych_Ego_Awareness, Psych_Calculated_Risk_Growth, PCA_Performance_Star, inter_exploratory_brilliance, inter_obsessive_correction, Mutant_Omega_Curiosity",13.1
140,RF_Importance_p80,16,MLP_Regressor,0.856,0.9691,0.8061,-0.1831,"{'model__learning_rate': 'constant', 'model__hidden_layer_sizes': (128,), 'model__alpha': 0.001, 'model__activation': 'tanh'}","sum_weighted_score, score_velocity, contemplation_index, time_diff_end_vs_start, time_diff_phase3_vs_phase1, time_diff_max_vs_avg, ratio_success_per_duration, PCA_Dur_x_PCA_Hints, Psych_Flow_Stamina, ratio_struggle_time, inter_exploratory_brilliance, inter_obsessive_correction, Comp_GBA_DS_Anchored, Comp_GBA_AoL_Anchored, Feat_Resilient_Explorer, Mutant_AoL_Resilience",12.8
141,MutualInfo_p80,16,MLP_Regressor,0.846,0.9765,0.82,-0.2011,"{'model__learning_rate': 'constant', 'model__hidden_layer_sizes': (128,), 'model__alpha': 0.001, 'model__activation': 'tanh'}","humility_challenging, grind_capacity, boldness_score, hard_challenge_efficiency, hint_reading_duration, stubbornness_index, impulsive_help_ratio, adaptive_learning_capacity, ratio_redo_success, Psych_Ego_Awareness, Psych_Calculated_Risk_Growth, inter_ambition_vs_reality, HighOrd_Star_x_Effort, Comp_GBA_AoL_Anchored, Mutant_AoL_Resilience, Mutant_Omega_Curiosity",12.6
142,MutualInfo_p70,24,MLP_Regressor,0.8847,1.0227,0.8552,-0.3175,"{'model__learning_rate': 'constant', 'model__hidden_layer_sizes': (128,), 'model__alpha': 0.001, 'model__activation': 'tanh'}","humility_challenging, grind_capacity, boldness_score, hard_challenge_efficiency, hint_reading_duration, stubbornness_index, impulsive_help_ratio, star_efficiency, hint_dependency_gravity, frustration_breakdown_ratio, adaptive_learning_capacity, time_diff_end_vs_start, ratio_hint_time, ratio_redo_success, PCA_Hints, Psych_Deprivation_Fixation, Psych_Ego_Awareness, Psych_Impulsive_Quit, Psych_Calculated_Risk_Growth, inter_ambition_vs_reality, HighOrd_Star_x_Effort, Comp_GBA_AoL_Anchored, Mutant_AoL_Resilience, Mutant_Omega_Curiosity",13.9
143,RF_Importance_med,40,MLP_Regressor,0.9474,1.1158,0.8942,-0.5681,"{'model__learning_rate': 'constant', 'model__hidden_layer_sizes': (64,), 'model__alpha': 0.01, 'model__activation': 'tanh'}","sum_weighted_score, struggle_ratio, score_velocity, hard_challenge_efficiency, hint_reading_duration, hint_effectiveness, engagement_persistence, impulsive_help_ratio, carefulness_index, contemplation_index, exploration_efficiency, hyper_curiosity_index, adaptive_learning_capacity, time_diff_end_vs_start, time_diff_phase3_vs_phase1, time_diff_max_vs_avg, ratio_hint_time, ratio_success_per_duration, PCA_Hints, PCA_Dur_x_PCA_Hints, PCA_Dur_squared, Comp_Awareness_Limit, Psych_Flow_Stamina, ratio_struggle_time, inter_sweet_victory, PCA_Performance_Star, HighOrd_Star_x_Effort, inter_exploratory_brilliance, inter_obsessive_correction, inter_cowardice_penalty, HighOrd_Score_x_PCAStar, Comp_GBA_DS_Anchored, Comp_GBA_AoL_Anchored, Feat_Resilient_Explorer, Feat_Ego_vs_Capacity, Feat_Cognitive_Waste, Feat_Strategic_Growth, Mutant_AoL_Resilience, Mutant_Omega_Curiosity, Mutant_Ego_Death",15.9
144,Lasso_NonZero,33,MLP_Regressor,0.9364,1.1477,0.9308,-0.6593,"{'model__learning_rate': 'adaptive', 'model__hidden_layer_sizes': (64, 32), 'model__alpha': 0.01, 'model__activation': 'tanh'}","sum_weighted_score, humility_challenging, grind_capacity, score_velocity, boldness_score, hard_challenge_efficiency, impulsive_help_ratio, delayed_gratification_hint, tuas_dominance, star_efficiency, hesitation_penalty, hint_dependency_gravity, reckless_action_index, calculated_risk_taking, stubborn_failure_magnitude, time_diff_phase3_vs_phase1, time_diff_max_vs_avg, ratio_hint_time, inter_hint_x_skip, PCA_Dur_x_PCA_Hints, PCA_Dur_squared, Psych_Flow_Stamina, Psych_Deprivation_Fixation, Psych_Ego_Awareness, Psych_Adaptability_Log, ratio_struggle_time, inter_obsessive_correction, inter_cowardice_penalty, Comp_GBA_AoL_Anchored, Feat_Ego_vs_Capacity, Feat_Strategic_Growth, Mutant_AoL_Resilience, Mutant_Omega_Curiosity",15.1
