,FS_Method,N_Features,ML_Model,CV_RMSE_dev,Holdout_RMSE,Holdout_MAE,Holdout_R2,Pearson_r,Pearson_p,Sig,Best_Params,Features,Time_sec
1,Pearson_gt0.15,11,SVR_Linear,0.6297,0.6253,0.5045,0.1687,0.457,5.9395606910770624e-09,***,"{'model__epsilon': 0.1, 'model__C': 10.0}","sum_weighted_score, humility_challenging, struggle_ratio, score_velocity, Comp_Awareness_Limit, Psych_Calculated_Risk, inter_exploratory_brilliance, inter_obsessive_correction, Feat_Resilient_Explorer, Feat_Strategic_Growth, Mutant_Omega_Curiosity",0.3
2,Pearson_gt0.15,11,HuberRegressor,0.6322,0.632,0.508,0.1509,0.4318,4.7411900190250935e-08,***,"{'model__epsilon': 1.1, 'model__alpha': 0.01}","sum_weighted_score, humility_challenging, struggle_ratio, score_velocity, Comp_Awareness_Limit, Psych_Calculated_Risk, inter_exploratory_brilliance, inter_obsessive_correction, Feat_Resilient_Explorer, Feat_Strategic_Growth, Mutant_Omega_Curiosity",0.4
3,Pearson_gt0.15,11,SVR_RBF,0.6303,0.6446,0.5113,0.1169,0.4242,8.556938103436874e-08,***,"{'model__gamma': 0.001, 'model__epsilon': 0.01, 'model__C': 10.0}","sum_weighted_score, humility_challenging, struggle_ratio, score_velocity, Comp_Awareness_Limit, Psych_Calculated_Risk, inter_exploratory_brilliance, inter_obsessive_correction, Feat_Resilient_Explorer, Feat_Strategic_Growth, Mutant_Omega_Curiosity",0.8
4,RF_Importance_p80,16,ElasticNet,0.6335,0.641,0.5121,0.1267,0.4225,9.783356369053882e-08,***,"{'model__l1_ratio': 0.3, 'model__alpha': 0.1}","sum_weighted_score, carefulness_index, contemplation_index, time_diff_end_vs_start, time_diff_phase3_vs_phase1, time_diff_max_vs_avg, ratio_hint_time, PCA_Dur_x_PCA_Hints, PCA_Dur_squared, Psych_Flow_Stamina, ratio_struggle_time, inter_sweet_victory, inter_obsessive_correction, inter_cowardice_penalty, Comp_GBA_AoL_Anchored, Feat_Resilient_Explorer",0.4
5,Pearson_gt0.20,5,MLP_Regressor,0.6303,0.6272,0.5113,0.1638,0.421,1.096766962846684e-07,***,"{'model__learning_rate': 'constant', 'model__hidden_layer_sizes': (128,), 'model__alpha': 0.001, 'model__activation': 'tanh'}","sum_weighted_score, humility_challenging, inter_exploratory_brilliance, inter_obsessive_correction, Feat_Resilient_Explorer",6.9
6,RF_Importance_p80,16,Lasso,0.6342,0.6337,0.5082,0.1464,0.4171,1.4790152877886273e-07,***,{'model__alpha': 0.01},"sum_weighted_score, carefulness_index, contemplation_index, time_diff_end_vs_start, time_diff_phase3_vs_phase1, time_diff_max_vs_avg, ratio_hint_time, PCA_Dur_x_PCA_Hints, PCA_Dur_squared, Psych_Flow_Stamina, ratio_struggle_time, inter_sweet_victory, inter_obsessive_correction, inter_cowardice_penalty, Comp_GBA_AoL_Anchored, Feat_Resilient_Explorer",0.3
7,Pearson_gt0.20,5,HuberRegressor,0.6285,0.6318,0.5089,0.1514,0.4152,1.7062525903470407e-07,***,"{'model__epsilon': 2.0, 'model__alpha': 0.01}","sum_weighted_score, humility_challenging, inter_exploratory_brilliance, inter_obsessive_correction, Feat_Resilient_Explorer",0.3
8,Pearson_gt0.15,11,Lasso,0.6291,0.6351,0.5085,0.1426,0.4093,2.6416376346135486e-07,***,{'model__alpha': 0.01},"sum_weighted_score, humility_challenging, struggle_ratio, score_velocity, Comp_Awareness_Limit, Psych_Calculated_Risk, inter_exploratory_brilliance, inter_obsessive_correction, Feat_Resilient_Explorer, Feat_Strategic_Growth, Mutant_Omega_Curiosity",0.2
9,Pearson_gt0.20,5,ElasticNet,0.6282,0.6329,0.5074,0.1485,0.4089,2.726200019967833e-07,***,"{'model__l1_ratio': 0.1, 'model__alpha': 0.01}","sum_weighted_score, humility_challenging, inter_exploratory_brilliance, inter_obsessive_correction, Feat_Resilient_Explorer",0.3
10,Pearson_gt0.20,5,Lasso,0.6284,0.6327,0.5074,0.1491,0.408,2.9097884820689397e-07,***,{'model__alpha': 0.001},"sum_weighted_score, humility_challenging, inter_exploratory_brilliance, inter_obsessive_correction, Feat_Resilient_Explorer",6.3
11,Pearson_gt0.15,11,ElasticNet,0.629,0.6347,0.5083,0.1437,0.4071,3.110254059025363e-07,***,"{'model__l1_ratio': 0.7, 'model__alpha': 0.01}","sum_weighted_score, humility_challenging, struggle_ratio, score_velocity, Comp_Awareness_Limit, Psych_Calculated_Risk, inter_exploratory_brilliance, inter_obsessive_correction, Feat_Resilient_Explorer, Feat_Strategic_Growth, Mutant_Omega_Curiosity",0.3
12,Pearson_gt0.20,5,SVR_Linear,0.6285,0.6364,0.5135,0.1391,0.4062,3.324082667803768e-07,***,"{'model__epsilon': 0.1, 'model__C': 10.0}","sum_weighted_score, humility_challenging, inter_exploratory_brilliance, inter_obsessive_correction, Feat_Resilient_Explorer",0.2
13,Pearson_gt0.20,5,Ridge,0.6281,0.6337,0.5077,0.1465,0.4055,3.4771360030012475e-07,***,{'model__alpha': 10.0},"sum_weighted_score, humility_challenging, inter_exploratory_brilliance, inter_obsessive_correction, Feat_Resilient_Explorer",0.3
14,Pearson_gt0.15,11,Ridge,0.6289,0.6372,0.5084,0.1368,0.4009,4.844442467136094e-07,***,{'model__alpha': 100.0},"sum_weighted_score, humility_challenging, struggle_ratio, score_velocity, Comp_Awareness_Limit, Psych_Calculated_Risk, inter_exploratory_brilliance, inter_obsessive_correction, Feat_Resilient_Explorer, Feat_Strategic_Growth, Mutant_Omega_Curiosity",0.2
15,Kendall_gt0.15,7,SVR_Linear,0.6274,0.6427,0.5132,0.1218,0.3962,6.802922785946122e-07,***,"{'model__epsilon': 0.01, 'model__C': 10.0}","sum_weighted_score, score_velocity, adaptive_learning_capacity, inter_obsessive_correction, Feat_Resilient_Explorer, Mutant_AoL_Resilience, Mutant_Omega_Curiosity",0.3
16,RF_Importance_p80,16,PLSRegression,0.6346,0.6349,0.508,0.1432,0.3961,6.808694531732983e-07,***,{'model__n_components': 2},"sum_weighted_score, carefulness_index, contemplation_index, time_diff_end_vs_start, time_diff_phase3_vs_phase1, time_diff_max_vs_avg, ratio_hint_time, PCA_Dur_x_PCA_Hints, PCA_Dur_squared, Psych_Flow_Stamina, ratio_struggle_time, inter_sweet_victory, inter_obsessive_correction, inter_cowardice_penalty, Comp_GBA_AoL_Anchored, Feat_Resilient_Explorer",0.3
17,Kendall_gt0.15,7,SVR_RBF,0.6291,0.6473,0.5168,0.1094,0.3961,6.823689958082827e-07,***,"{'model__gamma': 0.001, 'model__epsilon': 0.01, 'model__C': 10.0}","sum_weighted_score, score_velocity, adaptive_learning_capacity, inter_obsessive_correction, Feat_Resilient_Explorer, Mutant_AoL_Resilience, Mutant_Omega_Curiosity",0.7
18,MutualInfo_p80,16,CatBoost,0.629,0.6385,0.5115,0.1334,0.3951,7.347376848602265e-07,***,"{'model__learning_rate': 0.05, 'model__l2_leaf_reg': 3, 'model__iterations': 50, 'model__depth': 4}","sum_weighted_score, boldness_score, hard_challenge_efficiency, delayed_gratification_hint, hyper_curiosity_index, inter_hint_x_skip, Comp_Joyous_Exploration, Comp_Awareness_Limit, Psych_Flow_Stamina, Psych_Calculated_Risk_Growth, inter_ambition_vs_reality, inter_strategic_retreat, inter_exploratory_brilliance, HighOrd_Score_x_PCAStar, Comp_GBA_AoL_Anchored, Feat_Resilient_Explorer",4.2
19,Pearson_gt0.20,5,SVR_RBF,0.6245,0.636,0.5175,0.1402,0.3933,8.295955629249112e-07,***,"{'model__gamma': 'scale', 'model__epsilon': 0.1, 'model__C': 0.1}","sum_weighted_score, humility_challenging, inter_exploratory_brilliance, inter_obsessive_correction, Feat_Resilient_Explorer",0.6
20,Kendall_gt0.10,19,SVR_RBF,0.6245,0.6386,0.5102,0.1331,0.3929,8.557765132885724e-07,***,"{'model__gamma': 0.001, 'model__epsilon': 0.01, 'model__C': 10.0}","sum_weighted_score, humility_challenging, struggle_ratio, grind_capacity, score_velocity, stubbornness_index, hint_reliance_ratio, adaptive_learning_capacity, Psych_Calculated_Risk, ratio_score_per_hint, inter_exploratory_brilliance, inter_obsessive_correction, inter_cowardice_penalty, Comp_GBA_AoL_Anchored, Feat_Resilient_Explorer, Feat_Ego_vs_Capacity, Feat_Strategic_Growth, Mutant_AoL_Resilience, Mutant_Omega_Curiosity",1.0
21,RF_Importance_p80,16,Ridge,0.6342,0.6387,0.5093,0.1329,0.3927,8.687449008773749e-07,***,{'model__alpha': 100.0},"sum_weighted_score, carefulness_index, contemplation_index, time_diff_end_vs_start, time_diff_phase3_vs_phase1, time_diff_max_vs_avg, ratio_hint_time, PCA_Dur_x_PCA_Hints, PCA_Dur_squared, Psych_Flow_Stamina, ratio_struggle_time, inter_sweet_victory, inter_obsessive_correction, inter_cowardice_penalty, Comp_GBA_AoL_Anchored, Feat_Resilient_Explorer",0.3
22,Kendall_gt0.15,7,ElasticNet,0.6319,0.6375,0.5151,0.136,0.3923,8.901039218457027e-07,***,"{'model__l1_ratio': 0.1, 'model__alpha': 0.01}","sum_weighted_score, score_velocity, adaptive_learning_capacity, inter_obsessive_correction, Feat_Resilient_Explorer, Mutant_AoL_Resilience, Mutant_Omega_Curiosity",0.2
23,Kendall_gt0.15,7,Lasso,0.6322,0.6371,0.515,0.1371,0.3916,9.357817893707198e-07,***,{'model__alpha': 0.001},"sum_weighted_score, score_velocity, adaptive_learning_capacity, inter_obsessive_correction, Feat_Resilient_Explorer, Mutant_AoL_Resilience, Mutant_Omega_Curiosity",0.2
24,Kendall_gt0.15,7,Ridge,0.6319,0.6382,0.5156,0.1341,0.3893,1.1004636997940079e-06,***,{'model__alpha': 10.0},"sum_weighted_score, score_velocity, adaptive_learning_capacity, inter_obsessive_correction, Feat_Resilient_Explorer, Mutant_AoL_Resilience, Mutant_Omega_Curiosity",0.2
25,Kendall_gt0.15,7,HuberRegressor,0.6291,0.6373,0.5169,0.1367,0.3884,1.1703078836590869e-06,***,"{'model__epsilon': 1.1, 'model__alpha': 0.01}","sum_weighted_score, score_velocity, adaptive_learning_capacity, inter_obsessive_correction, Feat_Resilient_Explorer, Mutant_AoL_Resilience, Mutant_Omega_Curiosity",0.3
26,Spearman_gt0.20,8,ElasticNet,0.632,0.638,0.5176,0.1347,0.3876,1.230128750648391e-06,***,"{'model__l1_ratio': 0.1, 'model__alpha': 0.01}","sum_weighted_score, score_velocity, adaptive_learning_capacity, ratio_score_per_hint, inter_obsessive_correction, Feat_Resilient_Explorer, Mutant_AoL_Resilience, Mutant_Omega_Curiosity",0.3
27,Spearman_gt0.15,15,SVR_RBF,0.6266,0.6394,0.5164,0.131,0.3854,1.430257100384985e-06,***,"{'model__gamma': 'scale', 'model__epsilon': 0.1, 'model__C': 0.1}","sum_weighted_score, humility_challenging, struggle_ratio, score_velocity, adaptive_learning_capacity, Psych_Calculated_Risk, ratio_score_per_hint, inter_exploratory_brilliance, inter_obsessive_correction, inter_cowardice_penalty, Comp_GBA_AoL_Anchored, Feat_Resilient_Explorer, Feat_Ego_vs_Capacity, Mutant_AoL_Resilience, Mutant_Omega_Curiosity",1.0
28,Spearman_gt0.20,8,Lasso,0.6322,0.6379,0.5176,0.1349,0.3853,1.4434566123611193e-06,***,{'model__alpha': 0.001},"sum_weighted_score, score_velocity, adaptive_learning_capacity, ratio_score_per_hint, inter_obsessive_correction, Feat_Resilient_Explorer, Mutant_AoL_Resilience, Mutant_Omega_Curiosity",0.2
29,Spearman_gt0.20,8,Ridge,0.6319,0.6389,0.518,0.1323,0.3839,1.589279555585039e-06,***,{'model__alpha': 10.0},"sum_weighted_score, score_velocity, adaptive_learning_capacity, ratio_score_per_hint, inter_obsessive_correction, Feat_Resilient_Explorer, Mutant_AoL_Resilience, Mutant_Omega_Curiosity",0.2
30,Pearson_gt0.20,5,PLSRegression,0.628,0.638,0.508,0.1348,0.383,1.6807658256002665e-06,***,{'model__n_components': 2},"sum_weighted_score, humility_challenging, inter_exploratory_brilliance, inter_obsessive_correction, Feat_Resilient_Explorer",0.3
31,Spearman_gt0.20,8,PLSRegression,0.6325,0.6379,0.5183,0.135,0.3828,1.7130859782592837e-06,***,{'model__n_components': 10},"sum_weighted_score, score_velocity, adaptive_learning_capacity, ratio_score_per_hint, inter_obsessive_correction, Feat_Resilient_Explorer, Mutant_AoL_Resilience, Mutant_Omega_Curiosity",0.2
32,Kendall_gt0.10,19,CatBoost,0.6248,0.6394,0.5099,0.1308,0.3821,1.7905493699817217e-06,***,"{'model__learning_rate': 0.05, 'model__l2_leaf_reg': 1, 'model__iterations': 50, 'model__depth': 4}","sum_weighted_score, humility_challenging, struggle_ratio, grind_capacity, score_velocity, stubbornness_index, hint_reliance_ratio, adaptive_learning_capacity, Psych_Calculated_Risk, ratio_score_per_hint, inter_exploratory_brilliance, inter_obsessive_correction, inter_cowardice_penalty, Comp_GBA_AoL_Anchored, Feat_Resilient_Explorer, Feat_Ego_vs_Capacity, Feat_Strategic_Growth, Mutant_AoL_Resilience, Mutant_Omega_Curiosity",5.6
33,Pearson_gt0.15,11,CatBoost,0.624,0.6397,0.515,0.1301,0.3804,2.0129605393007117e-06,***,"{'model__learning_rate': 0.05, 'model__l2_leaf_reg': 1, 'model__iterations': 50, 'model__depth': 4}","sum_weighted_score, humility_challenging, struggle_ratio, score_velocity, Comp_Awareness_Limit, Psych_Calculated_Risk, inter_exploratory_brilliance, inter_obsessive_correction, Feat_Resilient_Explorer, Feat_Strategic_Growth, Mutant_Omega_Curiosity",4.0
34,Spearman_gt0.20,8,SVR_Linear,0.6299,0.6442,0.5198,0.1177,0.3785,2.285802229891576e-06,***,"{'model__epsilon': 0.1, 'model__C': 10.0}","sum_weighted_score, score_velocity, adaptive_learning_capacity, ratio_score_per_hint, inter_obsessive_correction, Feat_Resilient_Explorer, Mutant_AoL_Resilience, Mutant_Omega_Curiosity",0.3
35,Spearman_gt0.20,8,HuberRegressor,0.6299,0.64,0.5198,0.1294,0.3751,2.8548927155555248e-06,***,"{'model__epsilon': 1.1, 'model__alpha': 0.01}","sum_weighted_score, score_velocity, adaptive_learning_capacity, ratio_score_per_hint, inter_obsessive_correction, Feat_Resilient_Explorer, Mutant_AoL_Resilience, Mutant_Omega_Curiosity",0.4
36,MutualInfo_p80,16,Lasso,0.6275,0.6415,0.5175,0.1251,0.3716,3.5897532423940735e-06,***,{'model__alpha': 0.01},"sum_weighted_score, boldness_score, hard_challenge_efficiency, delayed_gratification_hint, hyper_curiosity_index, inter_hint_x_skip, Comp_Joyous_Exploration, Comp_Awareness_Limit, Psych_Flow_Stamina, Psych_Calculated_Risk_Growth, inter_ambition_vs_reality, inter_strategic_retreat, inter_exploratory_brilliance, HighOrd_Score_x_PCAStar, Comp_GBA_AoL_Anchored, Feat_Resilient_Explorer",0.3
37,Kendall_gt0.15,7,CatBoost,0.6317,0.6412,0.5158,0.1261,0.3715,3.6070125089527397e-06,***,"{'model__learning_rate': 0.05, 'model__l2_leaf_reg': 5, 'model__iterations': 50, 'model__depth': 6}","sum_weighted_score, score_velocity, adaptive_learning_capacity, inter_obsessive_correction, Feat_Resilient_Explorer, Mutant_AoL_Resilience, Mutant_Omega_Curiosity",3.3
38,Pearson_gt0.15,11,PLSRegression,0.6284,0.6413,0.5103,0.1259,0.3691,4.213580356070385e-06,***,{'model__n_components': 2},"sum_weighted_score, humility_challenging, struggle_ratio, score_velocity, Comp_Awareness_Limit, Psych_Calculated_Risk, inter_exploratory_brilliance, inter_obsessive_correction, Feat_Resilient_Explorer, Feat_Strategic_Growth, Mutant_Omega_Curiosity",0.2
39,Kendall_gt0.15,7,MLP_Regressor,0.6449,0.6404,0.5232,0.1281,0.365,5.4767372333968556e-06,***,"{'model__learning_rate': 'constant', 'model__hidden_layer_sizes': (128,), 'model__alpha': 0.001, 'model__activation': 'tanh'}","sum_weighted_score, score_velocity, adaptive_learning_capacity, inter_obsessive_correction, Feat_Resilient_Explorer, Mutant_AoL_Resilience, Mutant_Omega_Curiosity",7.9
40,MutualInfo_p80,16,ElasticNet,0.6276,0.6423,0.5183,0.1231,0.365,5.466124368008169e-06,***,"{'model__l1_ratio': 0.7, 'model__alpha': 0.01}","sum_weighted_score, boldness_score, hard_challenge_efficiency, delayed_gratification_hint, hyper_curiosity_index, inter_hint_x_skip, Comp_Joyous_Exploration, Comp_Awareness_Limit, Psych_Flow_Stamina, Psych_Calculated_Risk_Growth, inter_ambition_vs_reality, inter_strategic_retreat, inter_exploratory_brilliance, HighOrd_Score_x_PCAStar, Comp_GBA_AoL_Anchored, Feat_Resilient_Explorer",0.3
41,Spearman_gt0.15,15,Lasso,0.6299,0.6428,0.5172,0.1217,0.3635,6.015812858298931e-06,***,{'model__alpha': 0.01},"sum_weighted_score, humility_challenging, struggle_ratio, score_velocity, adaptive_learning_capacity, Psych_Calculated_Risk, ratio_score_per_hint, inter_exploratory_brilliance, inter_obsessive_correction, inter_cowardice_penalty, Comp_GBA_AoL_Anchored, Feat_Resilient_Explorer, Feat_Ego_vs_Capacity, Mutant_AoL_Resilience, Mutant_Omega_Curiosity",0.3
42,Spearman_gt0.15,15,CatBoost,0.6253,0.6435,0.5159,0.1198,0.3629,6.248472525769413e-06,***,"{'model__learning_rate': 0.05, 'model__l2_leaf_reg': 3, 'model__iterations': 50, 'model__depth': 4}","sum_weighted_score, humility_challenging, struggle_ratio, score_velocity, adaptive_learning_capacity, Psych_Calculated_Risk, ratio_score_per_hint, inter_exploratory_brilliance, inter_obsessive_correction, inter_cowardice_penalty, Comp_GBA_AoL_Anchored, Feat_Resilient_Explorer, Feat_Ego_vs_Capacity, Mutant_AoL_Resilience, Mutant_Omega_Curiosity",5.1
43,Spearman_gt0.15,15,ElasticNet,0.6297,0.6433,0.5182,0.1204,0.3583,8.373282918567393e-06,***,"{'model__l1_ratio': 0.7, 'model__alpha': 0.01}","sum_weighted_score, humility_challenging, struggle_ratio, score_velocity, adaptive_learning_capacity, Psych_Calculated_Risk, ratio_score_per_hint, inter_exploratory_brilliance, inter_obsessive_correction, inter_cowardice_penalty, Comp_GBA_AoL_Anchored, Feat_Resilient_Explorer, Feat_Ego_vs_Capacity, Mutant_AoL_Resilience, Mutant_Omega_Curiosity",0.4
44,Kendall_gt0.15,7,PLSRegression,0.632,0.644,0.5193,0.1183,0.3581,8.483730182740742e-06,***,{'model__n_components': 3},"sum_weighted_score, score_velocity, adaptive_learning_capacity, inter_obsessive_correction, Feat_Resilient_Explorer, Mutant_AoL_Resilience, Mutant_Omega_Curiosity",0.1
45,MutualInfo_p70,24,CatBoost,0.6255,0.6447,0.5221,0.1164,0.3543,1.0666042240354543e-05,***,"{'model__learning_rate': 0.05, 'model__l2_leaf_reg': 1, 'model__iterations': 50, 'model__depth': 6}","sum_weighted_score, humility_challenging, boldness_score, hard_challenge_efficiency, delayed_gratification_hint, learning_adaptability, hyper_curiosity_index, adaptive_learning_capacity, inter_hint_x_skip, Comp_Joyous_Exploration, Comp_Awareness_Limit, Psych_Calculated_Risk, Psych_Flow_Stamina, Psych_Learned_Helplessness, Psych_Calculated_Risk_Growth, ratio_struggle_time, inter_ambition_vs_reality, inter_strategic_retreat, inter_exploratory_brilliance, HighOrd_Score_x_PCAStar, Comp_GBA_AoL_Anchored, Feat_Resilient_Explorer, Mutant_AoL_Resilience, Mutant_Omega_Curiosity",6.3
46,Lasso_NonZero,31,SVR_RBF,0.6315,0.6511,0.5148,0.0988,0.3538,1.1031707338310398e-05,***,"{'model__gamma': 'scale', 'model__epsilon': 0.5, 'model__C': 0.1}","score_velocity, hint_reading_duration, keypad_dominance, hesitation_penalty, exploration_efficiency, hint_dependency_gravity, reckless_action_index, calculated_risk_taking, stubborn_failure_magnitude, time_diff_end_vs_start, time_diff_max_vs_avg, inter_hint_x_skip, PCA_Dur_squared, Comp_Awareness_Limit, Psych_Deprivation_Fixation, Psych_Impulsive_Quit, Psych_Adaptability, Psych_Adaptability_Log, ratio_hint_per_star, ratio_struggle_time, inter_ambition_vs_reality, HighOrd_Star_x_Effort, inter_obsessive_correction, HighOrd_Score_x_PCAStar, Comp_GBA_AoL_Anchored, Feat_Resilient_Explorer, Feat_Ego_vs_Capacity, Feat_Strategic_Growth, Mutant_AoL_Resilience, Mutant_Omega_Curiosity, Mutant_Ego_Death",2.0
47,RF_Importance_med,40,CatBoost,0.6288,0.6463,0.5196,0.1121,0.3519,1.2370163804560561e-05,***,"{'model__learning_rate': 0.05, 'model__l2_leaf_reg': 5, 'model__iterations': 50, 'model__depth': 6}","sum_weighted_score, score_velocity, hard_challenge_efficiency, hint_reading_duration, hint_effectiveness, engagement_persistence, carefulness_index, contemplation_index, exploration_efficiency, hyper_curiosity_index, adaptive_learning_capacity, time_diff_end_vs_start, time_diff_phase3_vs_phase1, time_diff_max_vs_avg, ratio_hint_time, ratio_success_per_duration, PCA_Hints, PCA_Dur_x_PCA_Hints, PCA_Dur_squared, Comp_Awareness_Limit, Psych_Flow_Stamina, Psych_Ego_Awareness, ratio_struggle_time, inter_sweet_victory, HighOrd_Star_x_Effort, ratio_score_per_hint, inter_exploratory_brilliance, inter_obsessive_correction, inter_cowardice_penalty, HighOrd_Score_x_PCAStar, HighOrd_Score_x_PCADuration, Comp_GBA_DS_Anchored, Comp_GBA_AoL_Anchored, Feat_Resilient_Explorer, Feat_Ego_vs_Capacity, Feat_Cognitive_Waste, Feat_Strategic_Growth, Mutant_AoL_Resilience, Mutant_Omega_Curiosity, Mutant_Ego_Death",12.5
48,MutualInfo_p80,16,PLSRegression,0.628,0.6441,0.5185,0.118,0.3511,1.2972224814674359e-05,***,{'model__n_components': 2},"sum_weighted_score, boldness_score, hard_challenge_efficiency, delayed_gratification_hint, hyper_curiosity_index, inter_hint_x_skip, Comp_Joyous_Exploration, Comp_Awareness_Limit, Psych_Flow_Stamina, Psych_Calculated_Risk_Growth, inter_ambition_vs_reality, inter_strategic_retreat, inter_exploratory_brilliance, HighOrd_Score_x_PCAStar, Comp_GBA_AoL_Anchored, Feat_Resilient_Explorer",0.2
49,RFE_Ridge_Top20,20,Ridge,0.6292,0.6457,0.5123,0.1136,0.3508,1.3231663474430531e-05,***,{'model__alpha': 100.0},"struggle_ratio, score_velocity, hard_challenge_efficiency, apathy_speed, hint_vs_skip_ratio, carefulness_index, exploration_efficiency, ratio_hint_time, ratio_success_per_duration, PCA_Hints, Comp_Joyous_Exploration, Comp_Awareness_Limit, Psych_Adaptability, ratio_struggle_time, inter_ambition_vs_reality, PCA_Performance_Star, inter_exploratory_brilliance, inter_obsessive_correction, inter_cowardice_penalty, Feat_Strategic_Growth",0.4
50,MutualInfo_p80,16,Ridge,0.6279,0.6458,0.5196,0.1134,0.3508,1.3241363331060454e-05,***,{'model__alpha': 100.0},"sum_weighted_score, boldness_score, hard_challenge_efficiency, delayed_gratification_hint, hyper_curiosity_index, inter_hint_x_skip, Comp_Joyous_Exploration, Comp_Awareness_Limit, Psych_Flow_Stamina, Psych_Calculated_Risk_Growth, inter_ambition_vs_reality, inter_strategic_retreat, inter_exploratory_brilliance, HighOrd_Score_x_PCAStar, Comp_GBA_AoL_Anchored, Feat_Resilient_Explorer",0.3
51,Spearman_gt0.15,15,Ridge,0.6286,0.6456,0.5179,0.114,0.3498,1.4026707880303671e-05,***,{'model__alpha': 100.0},"sum_weighted_score, humility_challenging, struggle_ratio, score_velocity, adaptive_learning_capacity, Psych_Calculated_Risk, ratio_score_per_hint, inter_exploratory_brilliance, inter_obsessive_correction, inter_cowardice_penalty, Comp_GBA_AoL_Anchored, Feat_Resilient_Explorer, Feat_Ego_vs_Capacity, Mutant_AoL_Resilience, Mutant_Omega_Curiosity",0.3
52,Pearson_gt0.20,5,CatBoost,0.6241,0.6451,0.5193,0.1153,0.3497,1.4124995962108615e-05,***,"{'model__learning_rate': 0.05, 'model__l2_leaf_reg': 5, 'model__iterations': 50, 'model__depth': 6}","sum_weighted_score, humility_challenging, inter_exploratory_brilliance, inter_obsessive_correction, Feat_Resilient_Explorer",3.1
53,Pearson_gt0.15,11,MLP_Regressor,0.6456,0.6434,0.5222,0.12,0.3494,1.4419927549481702e-05,***,"{'model__learning_rate': 'adaptive', 'model__hidden_layer_sizes': (64, 32), 'model__alpha': 0.01, 'model__activation': 'tanh'}","sum_weighted_score, humility_challenging, struggle_ratio, score_velocity, Comp_Awareness_Limit, Psych_Calculated_Risk, inter_exploratory_brilliance, inter_obsessive_correction, Feat_Resilient_Explorer, Feat_Strategic_Growth, Mutant_Omega_Curiosity",7.8
54,Spearman_gt0.20,8,CatBoost,0.6313,0.6461,0.5221,0.1126,0.3476,1.6043225827209975e-05,***,"{'model__learning_rate': 0.05, 'model__l2_leaf_reg': 5, 'model__iterations': 50, 'model__depth': 6}","sum_weighted_score, score_velocity, adaptive_learning_capacity, ratio_score_per_hint, inter_obsessive_correction, Feat_Resilient_Explorer, Mutant_AoL_Resilience, Mutant_Omega_Curiosity",3.8
55,RF_Importance_p80,16,CatBoost,0.6257,0.6463,0.5169,0.1122,0.3474,1.6274684486599183e-05,***,"{'model__learning_rate': 0.05, 'model__l2_leaf_reg': 1, 'model__iterations': 50, 'model__depth': 4}","sum_weighted_score, carefulness_index, contemplation_index, time_diff_end_vs_start, time_diff_phase3_vs_phase1, time_diff_max_vs_avg, ratio_hint_time, PCA_Dur_x_PCA_Hints, PCA_Dur_squared, Psych_Flow_Stamina, ratio_struggle_time, inter_sweet_victory, inter_obsessive_correction, inter_cowardice_penalty, Comp_GBA_AoL_Anchored, Feat_Resilient_Explorer",5.2
56,Kendall_gt0.15,7,RandomForest,0.6373,0.645,0.5201,0.1157,0.3455,1.8193580540084226e-05,***,"{'model__n_estimators': 100, 'model__min_samples_split': 2, 'model__max_features': 'sqrt', 'model__max_depth': 5}","sum_weighted_score, score_velocity, adaptive_learning_capacity, inter_obsessive_correction, Feat_Resilient_Explorer, Mutant_AoL_Resilience, Mutant_Omega_Curiosity",3.5
57,MutualInfo_p80,16,HuberRegressor,0.6295,0.6455,0.5221,0.1143,0.3445,1.9359871387134147e-05,***,"{'model__epsilon': 1.1, 'model__alpha': 0.01}","sum_weighted_score, boldness_score, hard_challenge_efficiency, delayed_gratification_hint, hyper_curiosity_index, inter_hint_x_skip, Comp_Joyous_Exploration, Comp_Awareness_Limit, Psych_Flow_Stamina, Psych_Calculated_Risk_Growth, inter_ambition_vs_reality, inter_strategic_retreat, inter_exploratory_brilliance, HighOrd_Score_x_PCAStar, Comp_GBA_AoL_Anchored, Feat_Resilient_Explorer",0.7
58,MutualInfo_p70,24,RandomForest,0.6289,0.6457,0.5228,0.1137,0.3425,2.171088271342581e-05,***,"{'model__n_estimators': 200, 'model__min_samples_split': 5, 'model__max_features': 'sqrt', 'model__max_depth': 5}","sum_weighted_score, humility_challenging, boldness_score, hard_challenge_efficiency, delayed_gratification_hint, learning_adaptability, hyper_curiosity_index, adaptive_learning_capacity, inter_hint_x_skip, Comp_Joyous_Exploration, Comp_Awareness_Limit, Psych_Calculated_Risk, Psych_Flow_Stamina, Psych_Learned_Helplessness, Psych_Calculated_Risk_Growth, ratio_struggle_time, inter_ambition_vs_reality, inter_strategic_retreat, inter_exploratory_brilliance, HighOrd_Score_x_PCAStar, Comp_GBA_AoL_Anchored, Feat_Resilient_Explorer, Mutant_AoL_Resilience, Mutant_Omega_Curiosity",4.2
59,Spearman_gt0.15,15,PLSRegression,0.6285,0.6457,0.5196,0.1138,0.3423,2.202307659329866e-05,***,{'model__n_components': 3},"sum_weighted_score, humility_challenging, struggle_ratio, score_velocity, adaptive_learning_capacity, Psych_Calculated_Risk, ratio_score_per_hint, inter_exploratory_brilliance, inter_obsessive_correction, inter_cowardice_penalty, Comp_GBA_AoL_Anchored, Feat_Resilient_Explorer, Feat_Ego_vs_Capacity, Mutant_AoL_Resilience, Mutant_Omega_Curiosity",0.2
60,RFE_Ridge_Top20,20,Lasso,0.6324,0.6475,0.5136,0.1087,0.3413,2.338945071404748e-05,***,{'model__alpha': 0.01},"struggle_ratio, score_velocity, hard_challenge_efficiency, apathy_speed, hint_vs_skip_ratio, carefulness_index, exploration_efficiency, ratio_hint_time, ratio_success_per_duration, PCA_Hints, Comp_Joyous_Exploration, Comp_Awareness_Limit, Psych_Adaptability, ratio_struggle_time, inter_ambition_vs_reality, PCA_Performance_Star, inter_exploratory_brilliance, inter_obsessive_correction, inter_cowardice_penalty, Feat_Strategic_Growth",0.6
61,Kendall_gt0.15,7,KNN_Regressor,0.6477,0.6465,0.5205,0.1115,0.3408,2.401714309165055e-05,***,"{'model__weights': 'distance', 'model__p': 1, 'model__n_neighbors': 15}","sum_weighted_score, score_velocity, adaptive_learning_capacity, inter_obsessive_correction, Feat_Resilient_Explorer, Mutant_AoL_Resilience, Mutant_Omega_Curiosity",0.3
62,Kendall_gt0.10,19,Lasso,0.6295,0.6475,0.5169,0.1087,0.3402,2.492176970145807e-05,***,{'model__alpha': 0.01},"sum_weighted_score, humility_challenging, struggle_ratio, grind_capacity, score_velocity, stubbornness_index, hint_reliance_ratio, adaptive_learning_capacity, Psych_Calculated_Risk, ratio_score_per_hint, inter_exploratory_brilliance, inter_obsessive_correction, inter_cowardice_penalty, Comp_GBA_AoL_Anchored, Feat_Resilient_Explorer, Feat_Ego_vs_Capacity, Feat_Strategic_Growth, Mutant_AoL_Resilience, Mutant_Omega_Curiosity",0.3
63,Kendall_gt0.10,19,PLSRegression,0.6293,0.6466,0.5164,0.1112,0.3391,2.6543818414336626e-05,***,{'model__n_components': 3},"sum_weighted_score, humility_challenging, struggle_ratio, grind_capacity, score_velocity, stubbornness_index, hint_reliance_ratio, adaptive_learning_capacity, Psych_Calculated_Risk, ratio_score_per_hint, inter_exploratory_brilliance, inter_obsessive_correction, inter_cowardice_penalty, Comp_GBA_AoL_Anchored, Feat_Resilient_Explorer, Feat_Ego_vs_Capacity, Feat_Strategic_Growth, Mutant_AoL_Resilience, Mutant_Omega_Curiosity",0.2
64,Kendall_gt0.10,19,Ridge,0.6289,0.648,0.5158,0.1073,0.3384,2.764863849344443e-05,***,{'model__alpha': 100.0},"sum_weighted_score, humility_challenging, struggle_ratio, grind_capacity, score_velocity, stubbornness_index, hint_reliance_ratio, adaptive_learning_capacity, Psych_Calculated_Risk, ratio_score_per_hint, inter_exploratory_brilliance, inter_obsessive_correction, inter_cowardice_penalty, Comp_GBA_AoL_Anchored, Feat_Resilient_Explorer, Feat_Ego_vs_Capacity, Feat_Strategic_Growth, Mutant_AoL_Resilience, Mutant_Omega_Curiosity",0.3
65,RF_Importance_p80,16,RandomForest,0.6286,0.6474,0.5197,0.109,0.337,2.9960345453131434e-05,***,"{'model__n_estimators': 200, 'model__min_samples_split': 2, 'model__max_features': 'sqrt', 'model__max_depth': 5}","sum_weighted_score, carefulness_index, contemplation_index, time_diff_end_vs_start, time_diff_phase3_vs_phase1, time_diff_max_vs_avg, ratio_hint_time, PCA_Dur_x_PCA_Hints, PCA_Dur_squared, Psych_Flow_Stamina, ratio_struggle_time, inter_sweet_victory, inter_obsessive_correction, inter_cowardice_penalty, Comp_GBA_AoL_Anchored, Feat_Resilient_Explorer",5.1
66,Kendall_gt0.10,19,ElasticNet,0.6295,0.6483,0.5176,0.1065,0.334,3.567434773848601e-05,***,"{'model__l1_ratio': 0.7, 'model__alpha': 0.01}","sum_weighted_score, humility_challenging, struggle_ratio, grind_capacity, score_velocity, stubbornness_index, hint_reliance_ratio, adaptive_learning_capacity, Psych_Calculated_Risk, ratio_score_per_hint, inter_exploratory_brilliance, inter_obsessive_correction, inter_cowardice_penalty, Comp_GBA_AoL_Anchored, Feat_Resilient_Explorer, Feat_Ego_vs_Capacity, Feat_Strategic_Growth, Mutant_AoL_Resilience, Mutant_Omega_Curiosity",0.5
67,RF_Importance_p80,16,SVR_RBF,0.6335,0.6506,0.5202,0.1003,0.332,3.9861190246635215e-05,***,"{'model__gamma': 'scale', 'model__epsilon': 0.01, 'model__C': 1.0}","sum_weighted_score, carefulness_index, contemplation_index, time_diff_end_vs_start, time_diff_phase3_vs_phase1, time_diff_max_vs_avg, ratio_hint_time, PCA_Dur_x_PCA_Hints, PCA_Dur_squared, Psych_Flow_Stamina, ratio_struggle_time, inter_sweet_victory, inter_obsessive_correction, inter_cowardice_penalty, Comp_GBA_AoL_Anchored, Feat_Resilient_Explorer",1.2
68,MutualInfo_p80,16,RandomForest,0.6321,0.6483,0.524,0.1065,0.3308,4.2801505642037056e-05,***,"{'model__n_estimators': 200, 'model__min_samples_split': 5, 'model__max_features': 'sqrt', 'model__max_depth': 5}","sum_weighted_score, boldness_score, hard_challenge_efficiency, delayed_gratification_hint, hyper_curiosity_index, inter_hint_x_skip, Comp_Joyous_Exploration, Comp_Awareness_Limit, Psych_Flow_Stamina, Psych_Calculated_Risk_Growth, inter_ambition_vs_reality, inter_strategic_retreat, inter_exploratory_brilliance, HighOrd_Score_x_PCAStar, Comp_GBA_AoL_Anchored, Feat_Resilient_Explorer",4.8
69,Lasso_NonZero,31,RandomForest,0.6245,0.6491,0.5272,0.1044,0.3296,4.568084819939758e-05,***,"{'model__n_estimators': 200, 'model__min_samples_split': 2, 'model__max_features': 'log2', 'model__max_depth': 5}","score_velocity, hint_reading_duration, keypad_dominance, hesitation_penalty, exploration_efficiency, hint_dependency_gravity, reckless_action_index, calculated_risk_taking, stubborn_failure_magnitude, time_diff_end_vs_start, time_diff_max_vs_avg, inter_hint_x_skip, PCA_Dur_squared, Comp_Awareness_Limit, Psych_Deprivation_Fixation, Psych_Impulsive_Quit, Psych_Adaptability, Psych_Adaptability_Log, ratio_hint_per_star, ratio_struggle_time, inter_ambition_vs_reality, HighOrd_Star_x_Effort, inter_obsessive_correction, HighOrd_Score_x_PCAStar, Comp_GBA_AoL_Anchored, Feat_Resilient_Explorer, Feat_Ego_vs_Capacity, Feat_Strategic_Growth, Mutant_AoL_Resilience, Mutant_Omega_Curiosity, Mutant_Ego_Death",5.7
70,Pearson_gt0.15,11,RandomForest,0.6299,0.6489,0.5252,0.105,0.329,4.738563148197358e-05,***,"{'model__n_estimators': 200, 'model__min_samples_split': 5, 'model__max_features': 'sqrt', 'model__max_depth': 5}","sum_weighted_score, humility_challenging, struggle_ratio, score_velocity, Comp_Awareness_Limit, Psych_Calculated_Risk, inter_exploratory_brilliance, inter_obsessive_correction, Feat_Resilient_Explorer, Feat_Strategic_Growth, Mutant_Omega_Curiosity",3.9
71,RF_Importance_med,40,RandomForest,0.626,0.6489,0.5275,0.1049,0.3281,4.9691776751895676e-05,***,"{'model__n_estimators': 200, 'model__min_samples_split': 2, 'model__max_features': 'log2', 'model__max_depth': 5}","sum_weighted_score, score_velocity, hard_challenge_efficiency, hint_reading_duration, hint_effectiveness, engagement_persistence, carefulness_index, contemplation_index, exploration_efficiency, hyper_curiosity_index, adaptive_learning_capacity, time_diff_end_vs_start, time_diff_phase3_vs_phase1, time_diff_max_vs_avg, ratio_hint_time, ratio_success_per_duration, PCA_Hints, PCA_Dur_x_PCA_Hints, PCA_Dur_squared, Comp_Awareness_Limit, Psych_Flow_Stamina, Psych_Ego_Awareness, ratio_struggle_time, inter_sweet_victory, HighOrd_Star_x_Effort, ratio_score_per_hint, inter_exploratory_brilliance, inter_obsessive_correction, inter_cowardice_penalty, HighOrd_Score_x_PCAStar, HighOrd_Score_x_PCADuration, Comp_GBA_DS_Anchored, Comp_GBA_AoL_Anchored, Feat_Resilient_Explorer, Feat_Ego_vs_Capacity, Feat_Cognitive_Waste, Feat_Strategic_Growth, Mutant_AoL_Resilience, Mutant_Omega_Curiosity, Mutant_Ego_Death",5.0
72,Kendall_gt0.10,19,HuberRegressor,0.6316,0.6498,0.5217,0.1025,0.3248,5.9830585859125984e-05,***,"{'model__epsilon': 2.0, 'model__alpha': 0.01}","sum_weighted_score, humility_challenging, struggle_ratio, grind_capacity, score_velocity, stubbornness_index, hint_reliance_ratio, adaptive_learning_capacity, Psych_Calculated_Risk, ratio_score_per_hint, inter_exploratory_brilliance, inter_obsessive_correction, inter_cowardice_penalty, Comp_GBA_AoL_Anchored, Feat_Resilient_Explorer, Feat_Ego_vs_Capacity, Feat_Strategic_Growth, Mutant_AoL_Resilience, Mutant_Omega_Curiosity",2.1
73,RF_Importance_p80,16,KNN_Regressor,0.6279,0.6501,0.5171,0.1016,0.324,6.236138173789815e-05,***,"{'model__weights': 'uniform', 'model__p': 2, 'model__n_neighbors': 15}","sum_weighted_score, carefulness_index, contemplation_index, time_diff_end_vs_start, time_diff_phase3_vs_phase1, time_diff_max_vs_avg, ratio_hint_time, PCA_Dur_x_PCA_Hints, PCA_Dur_squared, Psych_Flow_Stamina, ratio_struggle_time, inter_sweet_victory, inter_obsessive_correction, inter_cowardice_penalty, Comp_GBA_AoL_Anchored, Feat_Resilient_Explorer",0.6
74,RFE_Ridge_Top20,20,SVR_RBF,0.6261,0.6505,0.5165,0.1005,0.3231,6.56082696499028e-05,***,"{'model__gamma': 0.01, 'model__epsilon': 0.1, 'model__C': 1.0}","struggle_ratio, score_velocity, hard_challenge_efficiency, apathy_speed, hint_vs_skip_ratio, carefulness_index, exploration_efficiency, ratio_hint_time, ratio_success_per_duration, PCA_Hints, Comp_Joyous_Exploration, Comp_Awareness_Limit, Psych_Adaptability, ratio_struggle_time, inter_ambition_vs_reality, PCA_Performance_Star, inter_exploratory_brilliance, inter_obsessive_correction, inter_cowardice_penalty, Feat_Strategic_Growth",1.6
75,RF_Importance_p80,16,HuberRegressor,0.6414,0.6505,0.5161,0.1004,0.323,6.611873032117152e-05,***,"{'model__epsilon': 2.0, 'model__alpha': 0.01}","sum_weighted_score, carefulness_index, contemplation_index, time_diff_end_vs_start, time_diff_phase3_vs_phase1, time_diff_max_vs_avg, ratio_hint_time, PCA_Dur_x_PCA_Hints, PCA_Dur_squared, Psych_Flow_Stamina, ratio_struggle_time, inter_sweet_victory, inter_obsessive_correction, inter_cowardice_penalty, Comp_GBA_AoL_Anchored, Feat_Resilient_Explorer",0.6
76,RF_Importance_med,40,ElasticNet,0.6324,0.653,0.5237,0.0936,0.323,6.59958812638418e-05,***,"{'model__l1_ratio': 0.3, 'model__alpha': 0.1}","sum_weighted_score, score_velocity, hard_challenge_efficiency, hint_reading_duration, hint_effectiveness, engagement_persistence, carefulness_index, contemplation_index, exploration_efficiency, hyper_curiosity_index, adaptive_learning_capacity, time_diff_end_vs_start, time_diff_phase3_vs_phase1, time_diff_max_vs_avg, ratio_hint_time, ratio_success_per_duration, PCA_Hints, PCA_Dur_x_PCA_Hints, PCA_Dur_squared, Comp_Awareness_Limit, Psych_Flow_Stamina, Psych_Ego_Awareness, ratio_struggle_time, inter_sweet_victory, HighOrd_Star_x_Effort, ratio_score_per_hint, inter_exploratory_brilliance, inter_obsessive_correction, inter_cowardice_penalty, HighOrd_Score_x_PCAStar, HighOrd_Score_x_PCADuration, Comp_GBA_DS_Anchored, Comp_GBA_AoL_Anchored, Feat_Resilient_Explorer, Feat_Ego_vs_Capacity, Feat_Cognitive_Waste, Feat_Strategic_Growth, Mutant_AoL_Resilience, Mutant_Omega_Curiosity, Mutant_Ego_Death",0.6
77,Spearman_gt0.20,8,MLP_Regressor,0.6371,0.6505,0.5383,0.1006,0.3217,7.084655707446482e-05,***,"{'model__learning_rate': 'constant', 'model__hidden_layer_sizes': (64,), 'model__alpha': 0.01, 'model__activation': 'tanh'}","sum_weighted_score, score_velocity, adaptive_learning_capacity, ratio_score_per_hint, inter_obsessive_correction, Feat_Resilient_Explorer, Mutant_AoL_Resilience, Mutant_Omega_Curiosity",8.9
78,RFE_Ridge_Top20,20,ElasticNet,0.6343,0.6511,0.5166,0.0987,0.3211,7.318828728218092e-05,***,"{'model__l1_ratio': 0.7, 'model__alpha': 0.01}","struggle_ratio, score_velocity, hard_challenge_efficiency, apathy_speed, hint_vs_skip_ratio, carefulness_index, exploration_efficiency, ratio_hint_time, ratio_success_per_duration, PCA_Hints, Comp_Joyous_Exploration, Comp_Awareness_Limit, Psych_Adaptability, ratio_struggle_time, inter_ambition_vs_reality, PCA_Performance_Star, inter_exploratory_brilliance, inter_obsessive_correction, inter_cowardice_penalty, Feat_Strategic_Growth",0.6
79,RF_Importance_med,40,PLSRegression,0.6312,0.6508,0.5265,0.0997,0.3191,8.156537940349191e-05,***,{'model__n_components': 2},"sum_weighted_score, score_velocity, hard_challenge_efficiency, hint_reading_duration, hint_effectiveness, engagement_persistence, carefulness_index, contemplation_index, exploration_efficiency, hyper_curiosity_index, adaptive_learning_capacity, time_diff_end_vs_start, time_diff_phase3_vs_phase1, time_diff_max_vs_avg, ratio_hint_time, ratio_success_per_duration, PCA_Hints, PCA_Dur_x_PCA_Hints, PCA_Dur_squared, Comp_Awareness_Limit, Psych_Flow_Stamina, Psych_Ego_Awareness, ratio_struggle_time, inter_sweet_victory, HighOrd_Star_x_Effort, ratio_score_per_hint, inter_exploratory_brilliance, inter_obsessive_correction, inter_cowardice_penalty, HighOrd_Score_x_PCAStar, HighOrd_Score_x_PCADuration, Comp_GBA_DS_Anchored, Comp_GBA_AoL_Anchored, Feat_Resilient_Explorer, Feat_Ego_vs_Capacity, Feat_Cognitive_Waste, Feat_Strategic_Growth, Mutant_AoL_Resilience, Mutant_Omega_Curiosity, Mutant_Ego_Death",0.4
80,Lasso_NonZero,31,CatBoost,0.6253,0.6523,0.5155,0.0955,0.3157,9.834515457361798e-05,***,"{'model__learning_rate': 0.1, 'model__l2_leaf_reg': 1, 'model__iterations': 50, 'model__depth': 6}","score_velocity, hint_reading_duration, keypad_dominance, hesitation_penalty, exploration_efficiency, hint_dependency_gravity, reckless_action_index, calculated_risk_taking, stubborn_failure_magnitude, time_diff_end_vs_start, time_diff_max_vs_avg, inter_hint_x_skip, PCA_Dur_squared, Comp_Awareness_Limit, Psych_Deprivation_Fixation, Psych_Impulsive_Quit, Psych_Adaptability, Psych_Adaptability_Log, ratio_hint_per_star, ratio_struggle_time, inter_ambition_vs_reality, HighOrd_Star_x_Effort, inter_obsessive_correction, HighOrd_Score_x_PCAStar, Comp_GBA_AoL_Anchored, Feat_Resilient_Explorer, Feat_Ego_vs_Capacity, Feat_Strategic_Growth, Mutant_AoL_Resilience, Mutant_Omega_Curiosity, Mutant_Ego_Death",9.1
81,Spearman_gt0.20,8,RandomForest,0.6314,0.6526,0.53,0.0947,0.3132,0.00011198239818842852,***,"{'model__n_estimators': 200, 'model__min_samples_split': 5, 'model__max_features': 'sqrt', 'model__max_depth': 5}","sum_weighted_score, score_velocity, adaptive_learning_capacity, ratio_score_per_hint, inter_obsessive_correction, Feat_Resilient_Explorer, Mutant_AoL_Resilience, Mutant_Omega_Curiosity",4.9
82,RF_Importance_med,40,Ridge,0.6317,0.6531,0.5239,0.0933,0.3131,0.00011252369149757996,***,{'model__alpha': 500.0},"sum_weighted_score, score_velocity, hard_challenge_efficiency, hint_reading_duration, hint_effectiveness, engagement_persistence, carefulness_index, contemplation_index, exploration_efficiency, hyper_curiosity_index, adaptive_learning_capacity, time_diff_end_vs_start, time_diff_phase3_vs_phase1, time_diff_max_vs_avg, ratio_hint_time, ratio_success_per_duration, PCA_Hints, PCA_Dur_x_PCA_Hints, PCA_Dur_squared, Comp_Awareness_Limit, Psych_Flow_Stamina, Psych_Ego_Awareness, ratio_struggle_time, inter_sweet_victory, HighOrd_Star_x_Effort, ratio_score_per_hint, inter_exploratory_brilliance, inter_obsessive_correction, inter_cowardice_penalty, HighOrd_Score_x_PCAStar, HighOrd_Score_x_PCADuration, Comp_GBA_DS_Anchored, Comp_GBA_AoL_Anchored, Feat_Resilient_Explorer, Feat_Ego_vs_Capacity, Feat_Cognitive_Waste, Feat_Strategic_Growth, Mutant_AoL_Resilience, Mutant_Omega_Curiosity, Mutant_Ego_Death",0.5
83,Pearson_gt0.20,5,XGBoost,0.6446,0.6552,0.5241,0.0875,0.3117,0.00012136546787636302,***,"{'model__subsample': 1.0, 'model__max_depth': 3, 'model__learning_rate': 0.05, 'model__colsample_bytree': 0.8}","sum_weighted_score, humility_challenging, inter_exploratory_brilliance, inter_obsessive_correction, Feat_Resilient_Explorer",4.5
84,Kendall_gt0.10,19,MLP_Regressor,0.653,0.6617,0.5404,0.0692,0.3109,0.00012700181588646726,***,"{'model__learning_rate': 'constant', 'model__hidden_layer_sizes': (128,), 'model__alpha': 0.001, 'model__activation': 'tanh'}","sum_weighted_score, humility_challenging, struggle_ratio, grind_capacity, score_velocity, stubbornness_index, hint_reliance_ratio, adaptive_learning_capacity, Psych_Calculated_Risk, ratio_score_per_hint, inter_exploratory_brilliance, inter_obsessive_correction, inter_cowardice_penalty, Comp_GBA_AoL_Anchored, Feat_Resilient_Explorer, Feat_Ego_vs_Capacity, Feat_Strategic_Growth, Mutant_AoL_Resilience, Mutant_Omega_Curiosity",9.8
85,Spearman_gt0.15,15,HuberRegressor,0.6326,0.6532,0.528,0.093,0.3082,0.0001463356685230667,***,"{'model__epsilon': 2.0, 'model__alpha': 0.01}","sum_weighted_score, humility_challenging, struggle_ratio, score_velocity, adaptive_learning_capacity, Psych_Calculated_Risk, ratio_score_per_hint, inter_exploratory_brilliance, inter_obsessive_correction, inter_cowardice_penalty, Comp_GBA_AoL_Anchored, Feat_Resilient_Explorer, Feat_Ego_vs_Capacity, Mutant_AoL_Resilience, Mutant_Omega_Curiosity",0.7
86,Kendall_gt0.10,19,RandomForest,0.6299,0.6535,0.5295,0.0923,0.3082,0.00014585201689303807,***,"{'model__n_estimators': 200, 'model__min_samples_split': 5, 'model__max_features': 'sqrt', 'model__max_depth': 5}","sum_weighted_score, humility_challenging, struggle_ratio, grind_capacity, score_velocity, stubbornness_index, hint_reliance_ratio, adaptive_learning_capacity, Psych_Calculated_Risk, ratio_score_per_hint, inter_exploratory_brilliance, inter_obsessive_correction, inter_cowardice_penalty, Comp_GBA_AoL_Anchored, Feat_Resilient_Explorer, Feat_Ego_vs_Capacity, Feat_Strategic_Growth, Mutant_AoL_Resilience, Mutant_Omega_Curiosity",4.5
87,RF_Importance_med,40,Lasso,0.6349,0.6535,0.5286,0.0922,0.3062,0.00016224262126230676,***,{'model__alpha': 0.01},"sum_weighted_score, score_velocity, hard_challenge_efficiency, hint_reading_duration, hint_effectiveness, engagement_persistence, carefulness_index, contemplation_index, exploration_efficiency, hyper_curiosity_index, adaptive_learning_capacity, time_diff_end_vs_start, time_diff_phase3_vs_phase1, time_diff_max_vs_avg, ratio_hint_time, ratio_success_per_duration, PCA_Hints, PCA_Dur_x_PCA_Hints, PCA_Dur_squared, Comp_Awareness_Limit, Psych_Flow_Stamina, Psych_Ego_Awareness, ratio_struggle_time, inter_sweet_victory, HighOrd_Star_x_Effort, ratio_score_per_hint, inter_exploratory_brilliance, inter_obsessive_correction, inter_cowardice_penalty, HighOrd_Score_x_PCAStar, HighOrd_Score_x_PCADuration, Comp_GBA_DS_Anchored, Comp_GBA_AoL_Anchored, Feat_Resilient_Explorer, Feat_Ego_vs_Capacity, Feat_Cognitive_Waste, Feat_Strategic_Growth, Mutant_AoL_Resilience, Mutant_Omega_Curiosity, Mutant_Ego_Death",0.5
88,RFE_Ridge_Top20,20,RandomForest,0.6253,0.6544,0.5302,0.0896,0.3058,0.00016542930340578826,***,"{'model__n_estimators': 200, 'model__min_samples_split': 2, 'model__max_features': 'sqrt', 'model__max_depth': 5}","struggle_ratio, score_velocity, hard_challenge_efficiency, apathy_speed, hint_vs_skip_ratio, carefulness_index, exploration_efficiency, ratio_hint_time, ratio_success_per_duration, PCA_Hints, Comp_Joyous_Exploration, Comp_Awareness_Limit, Psych_Adaptability, ratio_struggle_time, inter_ambition_vs_reality, PCA_Performance_Star, inter_exploratory_brilliance, inter_obsessive_correction, inter_cowardice_penalty, Feat_Strategic_Growth",5.3
89,Lasso_NonZero,31,Lasso,0.6309,0.6544,0.5229,0.0898,0.3026,0.00019503491406754015,***,{'model__alpha': 0.01},"score_velocity, hint_reading_duration, keypad_dominance, hesitation_penalty, exploration_efficiency, hint_dependency_gravity, reckless_action_index, calculated_risk_taking, stubborn_failure_magnitude, time_diff_end_vs_start, time_diff_max_vs_avg, inter_hint_x_skip, PCA_Dur_squared, Comp_Awareness_Limit, Psych_Deprivation_Fixation, Psych_Impulsive_Quit, Psych_Adaptability, Psych_Adaptability_Log, ratio_hint_per_star, ratio_struggle_time, inter_ambition_vs_reality, HighOrd_Star_x_Effort, inter_obsessive_correction, HighOrd_Score_x_PCAStar, Comp_GBA_AoL_Anchored, Feat_Resilient_Explorer, Feat_Ego_vs_Capacity, Feat_Strategic_Growth, Mutant_AoL_Resilience, Mutant_Omega_Curiosity, Mutant_Ego_Death",0.5
90,Spearman_gt0.15,15,RandomForest,0.6294,0.6554,0.5298,0.0868,0.2996,0.00022732533074184966,***,"{'model__n_estimators': 200, 'model__min_samples_split': 2, 'model__max_features': 'sqrt', 'model__max_depth': 5}","sum_weighted_score, humility_challenging, struggle_ratio, score_velocity, adaptive_learning_capacity, Psych_Calculated_Risk, ratio_score_per_hint, inter_exploratory_brilliance, inter_obsessive_correction, inter_cowardice_penalty, Comp_GBA_AoL_Anchored, Feat_Resilient_Explorer, Feat_Ego_vs_Capacity, Mutant_AoL_Resilience, Mutant_Omega_Curiosity",3.9
91,MutualInfo_p70,24,Lasso,0.625,0.6553,0.5321,0.0871,0.299,0.0002338589573036786,***,{'model__alpha': 0.001},"sum_weighted_score, humility_challenging, boldness_score, hard_challenge_efficiency, delayed_gratification_hint, learning_adaptability, hyper_curiosity_index, adaptive_learning_capacity, inter_hint_x_skip, Comp_Joyous_Exploration, Comp_Awareness_Limit, Psych_Calculated_Risk, Psych_Flow_Stamina, Psych_Learned_Helplessness, Psych_Calculated_Risk_Growth, ratio_struggle_time, inter_ambition_vs_reality, inter_strategic_retreat, inter_exploratory_brilliance, HighOrd_Score_x_PCAStar, Comp_GBA_AoL_Anchored, Feat_Resilient_Explorer, Mutant_AoL_Resilience, Mutant_Omega_Curiosity",0.3
92,Kendall_gt0.10,19,SVR_Linear,0.6456,0.6577,0.5256,0.0804,0.2986,0.00023935859516728507,***,"{'model__epsilon': 0.5, 'model__C': 1.0}","sum_weighted_score, humility_challenging, struggle_ratio, grind_capacity, score_velocity, stubbornness_index, hint_reliance_ratio, adaptive_learning_capacity, Psych_Calculated_Risk, ratio_score_per_hint, inter_exploratory_brilliance, inter_obsessive_correction, inter_cowardice_penalty, Comp_GBA_AoL_Anchored, Feat_Resilient_Explorer, Feat_Ego_vs_Capacity, Feat_Strategic_Growth, Mutant_AoL_Resilience, Mutant_Omega_Curiosity",0.7
93,MutualInfo_p70,24,Ridge,0.6243,0.6553,0.533,0.0873,0.2983,0.00024308988950568714,***,{'model__alpha': 10.0},"sum_weighted_score, humility_challenging, boldness_score, hard_challenge_efficiency, delayed_gratification_hint, learning_adaptability, hyper_curiosity_index, adaptive_learning_capacity, inter_hint_x_skip, Comp_Joyous_Exploration, Comp_Awareness_Limit, Psych_Calculated_Risk, Psych_Flow_Stamina, Psych_Learned_Helplessness, Psych_Calculated_Risk_Growth, ratio_struggle_time, inter_ambition_vs_reality, inter_strategic_retreat, inter_exploratory_brilliance, HighOrd_Score_x_PCAStar, Comp_GBA_AoL_Anchored, Feat_Resilient_Explorer, Mutant_AoL_Resilience, Mutant_Omega_Curiosity",0.3
94,MutualInfo_p70,24,ElasticNet,0.6244,0.6553,0.533,0.0871,0.2979,0.0002477027528184663,***,"{'model__l1_ratio': 0.1, 'model__alpha': 0.01}","sum_weighted_score, humility_challenging, boldness_score, hard_challenge_efficiency, delayed_gratification_hint, learning_adaptability, hyper_curiosity_index, adaptive_learning_capacity, inter_hint_x_skip, Comp_Joyous_Exploration, Comp_Awareness_Limit, Psych_Calculated_Risk, Psych_Flow_Stamina, Psych_Learned_Helplessness, Psych_Calculated_Risk_Growth, ratio_struggle_time, inter_ambition_vs_reality, inter_strategic_retreat, inter_exploratory_brilliance, HighOrd_Score_x_PCAStar, Comp_GBA_AoL_Anchored, Feat_Resilient_Explorer, Mutant_AoL_Resilience, Mutant_Omega_Curiosity",0.7
95,Lasso_NonZero,31,ElasticNet,0.6314,0.6564,0.5247,0.0841,0.2939,0.00030238528689401756,***,"{'model__l1_ratio': 0.7, 'model__alpha': 0.01}","score_velocity, hint_reading_duration, keypad_dominance, hesitation_penalty, exploration_efficiency, hint_dependency_gravity, reckless_action_index, calculated_risk_taking, stubborn_failure_magnitude, time_diff_end_vs_start, time_diff_max_vs_avg, inter_hint_x_skip, PCA_Dur_squared, Comp_Awareness_Limit, Psych_Deprivation_Fixation, Psych_Impulsive_Quit, Psych_Adaptability, Psych_Adaptability_Log, ratio_hint_per_star, ratio_struggle_time, inter_ambition_vs_reality, HighOrd_Star_x_Effort, inter_obsessive_correction, HighOrd_Score_x_PCAStar, Comp_GBA_AoL_Anchored, Feat_Resilient_Explorer, Feat_Ego_vs_Capacity, Feat_Strategic_Growth, Mutant_AoL_Resilience, Mutant_Omega_Curiosity, Mutant_Ego_Death",0.8
96,Spearman_gt0.20,8,KNN_Regressor,0.6403,0.6605,0.5341,0.0726,0.2928,0.0003190952780724809,***,"{'model__weights': 'distance', 'model__p': 1, 'model__n_neighbors': 15}","sum_weighted_score, score_velocity, adaptive_learning_capacity, ratio_score_per_hint, inter_obsessive_correction, Feat_Resilient_Explorer, Mutant_AoL_Resilience, Mutant_Omega_Curiosity",0.3
97,RF_Importance_med,40,KNN_Regressor,0.6377,0.6585,0.5299,0.0784,0.29,0.00036679840893762475,***,"{'model__weights': 'distance', 'model__p': 1, 'model__n_neighbors': 15}","sum_weighted_score, score_velocity, hard_challenge_efficiency, hint_reading_duration, hint_effectiveness, engagement_persistence, carefulness_index, contemplation_index, exploration_efficiency, hyper_curiosity_index, adaptive_learning_capacity, time_diff_end_vs_start, time_diff_phase3_vs_phase1, time_diff_max_vs_avg, ratio_hint_time, ratio_success_per_duration, PCA_Hints, PCA_Dur_x_PCA_Hints, PCA_Dur_squared, Comp_Awareness_Limit, Psych_Flow_Stamina, Psych_Ego_Awareness, ratio_struggle_time, inter_sweet_victory, HighOrd_Star_x_Effort, ratio_score_per_hint, inter_exploratory_brilliance, inter_obsessive_correction, inter_cowardice_penalty, HighOrd_Score_x_PCAStar, HighOrd_Score_x_PCADuration, Comp_GBA_DS_Anchored, Comp_GBA_AoL_Anchored, Feat_Resilient_Explorer, Feat_Ego_vs_Capacity, Feat_Cognitive_Waste, Feat_Strategic_Growth, Mutant_AoL_Resilience, Mutant_Omega_Curiosity, Mutant_Ego_Death",0.7
98,RFE_Ridge_Top20,20,CatBoost,0.6242,0.6581,0.5284,0.0795,0.2891,0.0003835017584263318,***,"{'model__learning_rate': 0.05, 'model__l2_leaf_reg': 3, 'model__iterations': 100, 'model__depth': 4}","struggle_ratio, score_velocity, hard_challenge_efficiency, apathy_speed, hint_vs_skip_ratio, carefulness_index, exploration_efficiency, ratio_hint_time, ratio_success_per_duration, PCA_Hints, Comp_Joyous_Exploration, Comp_Awareness_Limit, Psych_Adaptability, ratio_struggle_time, inter_ambition_vs_reality, PCA_Performance_Star, inter_exploratory_brilliance, inter_obsessive_correction, inter_cowardice_penalty, Feat_Strategic_Growth",6.3
99,MutualInfo_p70,24,SVR_RBF,0.6321,0.6615,0.5253,0.0699,0.2875,0.0004134739993932023,***,"{'model__gamma': 0.01, 'model__epsilon': 0.01, 'model__C': 0.1}","sum_weighted_score, humility_challenging, boldness_score, hard_challenge_efficiency, delayed_gratification_hint, learning_adaptability, hyper_curiosity_index, adaptive_learning_capacity, inter_hint_x_skip, Comp_Joyous_Exploration, Comp_Awareness_Limit, Psych_Calculated_Risk, Psych_Flow_Stamina, Psych_Learned_Helplessness, Psych_Calculated_Risk_Growth, ratio_struggle_time, inter_ambition_vs_reality, inter_strategic_retreat, inter_exploratory_brilliance, HighOrd_Score_x_PCAStar, Comp_GBA_AoL_Anchored, Feat_Resilient_Explorer, Mutant_AoL_Resilience, Mutant_Omega_Curiosity",1.1
100,MutualInfo_p70,24,PLSRegression,0.6252,0.6583,0.5364,0.0789,0.2864,0.0004364282738050145,***,{'model__n_components': 5},"sum_weighted_score, humility_challenging, boldness_score, hard_challenge_efficiency, delayed_gratification_hint, learning_adaptability, hyper_curiosity_index, adaptive_learning_capacity, inter_hint_x_skip, Comp_Joyous_Exploration, Comp_Awareness_Limit, Psych_Calculated_Risk, Psych_Flow_Stamina, Psych_Learned_Helplessness, Psych_Calculated_Risk_Growth, ratio_struggle_time, inter_ambition_vs_reality, inter_strategic_retreat, inter_exploratory_brilliance, HighOrd_Score_x_PCAStar, Comp_GBA_AoL_Anchored, Feat_Resilient_Explorer, Mutant_AoL_Resilience, Mutant_Omega_Curiosity",0.3
101,Spearman_gt0.20,8,SVR_RBF,0.6283,0.6603,0.5319,0.0731,0.2858,0.0004490596397478773,***,"{'model__gamma': 'scale', 'model__epsilon': 0.01, 'model__C': 1.0}","sum_weighted_score, score_velocity, adaptive_learning_capacity, ratio_score_per_hint, inter_obsessive_correction, Feat_Resilient_Explorer, Mutant_AoL_Resilience, Mutant_Omega_Curiosity",1.1
102,Pearson_gt0.15,11,XGBoost,0.6435,0.6611,0.537,0.0709,0.2851,0.0004643316555060179,***,"{'model__subsample': 1.0, 'model__max_depth': 3, 'model__learning_rate': 0.05, 'model__colsample_bytree': 0.8}","sum_weighted_score, humility_challenging, struggle_ratio, score_velocity, Comp_Awareness_Limit, Psych_Calculated_Risk, inter_exploratory_brilliance, inter_obsessive_correction, Feat_Resilient_Explorer, Feat_Strategic_Growth, Mutant_Omega_Curiosity",5.0
103,RFE_Ridge_Top20,20,PLSRegression,0.6281,0.6599,0.5191,0.0742,0.285,0.0004663786193723612,***,{'model__n_components': 3},"struggle_ratio, score_velocity, hard_challenge_efficiency, apathy_speed, hint_vs_skip_ratio, carefulness_index, exploration_efficiency, ratio_hint_time, ratio_success_per_duration, PCA_Hints, Comp_Joyous_Exploration, Comp_Awareness_Limit, Psych_Adaptability, ratio_struggle_time, inter_ambition_vs_reality, PCA_Performance_Star, inter_exploratory_brilliance, inter_obsessive_correction, inter_cowardice_penalty, Feat_Strategic_Growth",0.3
104,Pearson_gt0.20,5,RandomForest,0.6321,0.661,0.5342,0.0711,0.2839,0.000491980697191922,***,"{'model__n_estimators': 200, 'model__min_samples_split': 2, 'model__max_features': 'sqrt', 'model__max_depth': 5}","sum_weighted_score, humility_challenging, inter_exploratory_brilliance, inter_obsessive_correction, Feat_Resilient_Explorer",4.2
105,Kendall_gt0.15,7,XGBoost,0.659,0.6624,0.5285,0.0674,0.2822,0.0005334873533701861,***,"{'model__subsample': 0.8, 'model__max_depth': 3, 'model__learning_rate': 0.05, 'model__colsample_bytree': 0.8}","sum_weighted_score, score_velocity, adaptive_learning_capacity, inter_obsessive_correction, Feat_Resilient_Explorer, Mutant_AoL_Resilience, Mutant_Omega_Curiosity",3.7
106,RF_Importance_p80,16,SVR_Linear,0.6448,0.661,0.5262,0.0711,0.2785,0.0006364920633044539,***,"{'model__epsilon': 0.5, 'model__C': 1.0}","sum_weighted_score, carefulness_index, contemplation_index, time_diff_end_vs_start, time_diff_phase3_vs_phase1, time_diff_max_vs_avg, ratio_hint_time, PCA_Dur_x_PCA_Hints, PCA_Dur_squared, Psych_Flow_Stamina, ratio_struggle_time, inter_sweet_victory, inter_obsessive_correction, inter_cowardice_penalty, Comp_GBA_AoL_Anchored, Feat_Resilient_Explorer",0.8
107,Lasso_NonZero,31,Ridge,0.6265,0.661,0.5273,0.0712,0.2734,0.0008046976503643075,***,{'model__alpha': 100.0},"score_velocity, hint_reading_duration, keypad_dominance, hesitation_penalty, exploration_efficiency, hint_dependency_gravity, reckless_action_index, calculated_risk_taking, stubborn_failure_magnitude, time_diff_end_vs_start, time_diff_max_vs_avg, inter_hint_x_skip, PCA_Dur_squared, Comp_Awareness_Limit, Psych_Deprivation_Fixation, Psych_Impulsive_Quit, Psych_Adaptability, Psych_Adaptability_Log, ratio_hint_per_star, ratio_struggle_time, inter_ambition_vs_reality, HighOrd_Star_x_Effort, inter_obsessive_correction, HighOrd_Score_x_PCAStar, Comp_GBA_AoL_Anchored, Feat_Resilient_Explorer, Feat_Ego_vs_Capacity, Feat_Strategic_Growth, Mutant_AoL_Resilience, Mutant_Omega_Curiosity, Mutant_Ego_Death",0.5
108,Pearson_gt0.15,11,KNN_Regressor,0.6408,0.6624,0.5317,0.0673,0.2718,0.0008689206249092174,***,"{'model__weights': 'uniform', 'model__p': 1, 'model__n_neighbors': 15}","sum_weighted_score, humility_challenging, struggle_ratio, score_velocity, Comp_Awareness_Limit, Psych_Calculated_Risk, inter_exploratory_brilliance, inter_obsessive_correction, Feat_Resilient_Explorer, Feat_Strategic_Growth, Mutant_Omega_Curiosity",0.3
109,MutualInfo_p80,16,SVR_Linear,0.6323,0.6616,0.5358,0.0696,0.2712,0.0008909491256442313,***,"{'model__epsilon': 0.1, 'model__C': 10.0}","sum_weighted_score, boldness_score, hard_challenge_efficiency, delayed_gratification_hint, hyper_curiosity_index, inter_hint_x_skip, Comp_Joyous_Exploration, Comp_Awareness_Limit, Psych_Flow_Stamina, Psych_Calculated_Risk_Growth, inter_ambition_vs_reality, inter_strategic_retreat, inter_exploratory_brilliance, HighOrd_Score_x_PCAStar, Comp_GBA_AoL_Anchored, Feat_Resilient_Explorer",0.8
110,Lasso_NonZero,31,KNN_Regressor,0.6305,0.6638,0.5315,0.0635,0.2704,0.0009238874134674419,***,"{'model__weights': 'uniform', 'model__p': 1, 'model__n_neighbors': 15}","score_velocity, hint_reading_duration, keypad_dominance, hesitation_penalty, exploration_efficiency, hint_dependency_gravity, reckless_action_index, calculated_risk_taking, stubborn_failure_magnitude, time_diff_end_vs_start, time_diff_max_vs_avg, inter_hint_x_skip, PCA_Dur_squared, Comp_Awareness_Limit, Psych_Deprivation_Fixation, Psych_Impulsive_Quit, Psych_Adaptability, Psych_Adaptability_Log, ratio_hint_per_star, ratio_struggle_time, inter_ambition_vs_reality, HighOrd_Star_x_Effort, inter_obsessive_correction, HighOrd_Score_x_PCAStar, Comp_GBA_AoL_Anchored, Feat_Resilient_Explorer, Feat_Ego_vs_Capacity, Feat_Strategic_Growth, Mutant_AoL_Resilience, Mutant_Omega_Curiosity, Mutant_Ego_Death",0.9
111,RFE_Ridge_Top20,20,KNN_Regressor,0.634,0.6653,0.5392,0.0591,0.2682,0.0010209118998282703,**,"{'model__weights': 'distance', 'model__p': 1, 'model__n_neighbors': 15}","struggle_ratio, score_velocity, hard_challenge_efficiency, apathy_speed, hint_vs_skip_ratio, carefulness_index, exploration_efficiency, ratio_hint_time, ratio_success_per_duration, PCA_Hints, Comp_Joyous_Exploration, Comp_Awareness_Limit, Psych_Adaptability, ratio_struggle_time, inter_ambition_vs_reality, PCA_Performance_Star, inter_exploratory_brilliance, inter_obsessive_correction, inter_cowardice_penalty, Feat_Strategic_Growth",0.7
112,RF_Importance_med,40,SVR_RBF,0.6296,0.663,0.5286,0.0656,0.2652,0.0011668633087195378,**,"{'model__gamma': 0.01, 'model__epsilon': 0.01, 'model__C': 0.1}","sum_weighted_score, score_velocity, hard_challenge_efficiency, hint_reading_duration, hint_effectiveness, engagement_persistence, carefulness_index, contemplation_index, exploration_efficiency, hyper_curiosity_index, adaptive_learning_capacity, time_diff_end_vs_start, time_diff_phase3_vs_phase1, time_diff_max_vs_avg, ratio_hint_time, ratio_success_per_duration, PCA_Hints, PCA_Dur_x_PCA_Hints, PCA_Dur_squared, Comp_Awareness_Limit, Psych_Flow_Stamina, Psych_Ego_Awareness, ratio_struggle_time, inter_sweet_victory, HighOrd_Star_x_Effort, ratio_score_per_hint, inter_exploratory_brilliance, inter_obsessive_correction, inter_cowardice_penalty, HighOrd_Score_x_PCAStar, HighOrd_Score_x_PCADuration, Comp_GBA_DS_Anchored, Comp_GBA_AoL_Anchored, Feat_Resilient_Explorer, Feat_Ego_vs_Capacity, Feat_Cognitive_Waste, Feat_Strategic_Growth, Mutant_AoL_Resilience, Mutant_Omega_Curiosity, Mutant_Ego_Death",1.8
113,Spearman_gt0.15,15,KNN_Regressor,0.6363,0.6733,0.5344,0.0362,0.263,0.0012916135028307842,**,"{'model__weights': 'distance', 'model__p': 2, 'model__n_neighbors': 10}","sum_weighted_score, humility_challenging, struggle_ratio, score_velocity, adaptive_learning_capacity, Psych_Calculated_Risk, ratio_score_per_hint, inter_exploratory_brilliance, inter_obsessive_correction, inter_cowardice_penalty, Comp_GBA_AoL_Anchored, Feat_Resilient_Explorer, Feat_Ego_vs_Capacity, Mutant_AoL_Resilience, Mutant_Omega_Curiosity",0.4
114,Kendall_gt0.10,19,KNN_Regressor,0.6338,0.6719,0.5294,0.0403,0.2615,0.0013754940072149696,**,"{'model__weights': 'distance', 'model__p': 1, 'model__n_neighbors': 15}","sum_weighted_score, humility_challenging, struggle_ratio, grind_capacity, score_velocity, stubbornness_index, hint_reliance_ratio, adaptive_learning_capacity, Psych_Calculated_Risk, ratio_score_per_hint, inter_exploratory_brilliance, inter_obsessive_correction, inter_cowardice_penalty, Comp_GBA_AoL_Anchored, Feat_Resilient_Explorer, Feat_Ego_vs_Capacity, Feat_Strategic_Growth, Mutant_AoL_Resilience, Mutant_Omega_Curiosity",2.9
115,MutualInfo_p80,16,SVR_RBF,0.6256,0.6631,0.5239,0.0654,0.2614,0.0013829774801234652,**,"{'model__gamma': 0.001, 'model__epsilon': 0.01, 'model__C': 10.0}","sum_weighted_score, boldness_score, hard_challenge_efficiency, delayed_gratification_hint, hyper_curiosity_index, inter_hint_x_skip, Comp_Joyous_Exploration, Comp_Awareness_Limit, Psych_Flow_Stamina, Psych_Calculated_Risk_Growth, inter_ambition_vs_reality, inter_strategic_retreat, inter_exploratory_brilliance, HighOrd_Score_x_PCAStar, Comp_GBA_AoL_Anchored, Feat_Resilient_Explorer",1.3
116,Spearman_gt0.15,15,MLP_Regressor,0.6454,0.6706,0.5476,0.044,0.2595,0.001503853274330851,**,"{'model__learning_rate': 'adaptive', 'model__hidden_layer_sizes': (64, 32), 'model__alpha': 0.01, 'model__activation': 'tanh'}","sum_weighted_score, humility_challenging, struggle_ratio, score_velocity, adaptive_learning_capacity, Psych_Calculated_Risk, ratio_score_per_hint, inter_exploratory_brilliance, inter_obsessive_correction, inter_cowardice_penalty, Comp_GBA_AoL_Anchored, Feat_Resilient_Explorer, Feat_Ego_vs_Capacity, Mutant_AoL_Resilience, Mutant_Omega_Curiosity",9.0
117,Lasso_NonZero,31,PLSRegression,0.6295,0.6666,0.5324,0.0554,0.2585,0.0015737543888681667,**,{'model__n_components': 3},"score_velocity, hint_reading_duration, keypad_dominance, hesitation_penalty, exploration_efficiency, hint_dependency_gravity, reckless_action_index, calculated_risk_taking, stubborn_failure_magnitude, time_diff_end_vs_start, time_diff_max_vs_avg, inter_hint_x_skip, PCA_Dur_squared, Comp_Awareness_Limit, Psych_Deprivation_Fixation, Psych_Impulsive_Quit, Psych_Adaptability, Psych_Adaptability_Log, ratio_hint_per_star, ratio_struggle_time, inter_ambition_vs_reality, HighOrd_Star_x_Effort, inter_obsessive_correction, HighOrd_Score_x_PCAStar, Comp_GBA_AoL_Anchored, Feat_Resilient_Explorer, Feat_Ego_vs_Capacity, Feat_Strategic_Growth, Mutant_AoL_Resilience, Mutant_Omega_Curiosity, Mutant_Ego_Death",0.6
118,MutualInfo_p80,16,XGBoost,0.6447,0.6683,0.535,0.0505,0.2574,0.0016446754045312184,**,"{'model__subsample': 0.8, 'model__max_depth': 3, 'model__learning_rate': 0.05, 'model__colsample_bytree': 0.8}","sum_weighted_score, boldness_score, hard_challenge_efficiency, delayed_gratification_hint, hyper_curiosity_index, inter_hint_x_skip, Comp_Joyous_Exploration, Comp_Awareness_Limit, Psych_Flow_Stamina, Psych_Calculated_Risk_Growth, inter_ambition_vs_reality, inter_strategic_retreat, inter_exploratory_brilliance, HighOrd_Score_x_PCAStar, Comp_GBA_AoL_Anchored, Feat_Resilient_Explorer",5.0
119,Pearson_gt0.20,5,KNN_Regressor,0.6339,0.6683,0.5337,0.0506,0.2541,0.0018961384319691776,**,"{'model__weights': 'uniform', 'model__p': 2, 'model__n_neighbors': 15}","sum_weighted_score, humility_challenging, inter_exploratory_brilliance, inter_obsessive_correction, Feat_Resilient_Explorer",0.3
120,MutualInfo_p80,16,KNN_Regressor,0.6298,0.6669,0.5374,0.0545,0.2531,0.001982986957511825,**,"{'model__weights': 'uniform', 'model__p': 1, 'model__n_neighbors': 15}","sum_weighted_score, boldness_score, hard_challenge_efficiency, delayed_gratification_hint, hyper_curiosity_index, inter_hint_x_skip, Comp_Joyous_Exploration, Comp_Awareness_Limit, Psych_Flow_Stamina, Psych_Calculated_Risk_Growth, inter_ambition_vs_reality, inter_strategic_retreat, inter_exploratory_brilliance, HighOrd_Score_x_PCAStar, Comp_GBA_AoL_Anchored, Feat_Resilient_Explorer",0.4
121,RF_Importance_med,40,SVR_Linear,0.6569,0.6842,0.5503,0.0048,0.2486,0.0023990226691387472,**,"{'model__epsilon': 0.5, 'model__C': 1.0}","sum_weighted_score, score_velocity, hard_challenge_efficiency, hint_reading_duration, hint_effectiveness, engagement_persistence, carefulness_index, contemplation_index, exploration_efficiency, hyper_curiosity_index, adaptive_learning_capacity, time_diff_end_vs_start, time_diff_phase3_vs_phase1, time_diff_max_vs_avg, ratio_hint_time, ratio_success_per_duration, PCA_Hints, PCA_Dur_x_PCA_Hints, PCA_Dur_squared, Comp_Awareness_Limit, Psych_Flow_Stamina, Psych_Ego_Awareness, ratio_struggle_time, inter_sweet_victory, HighOrd_Star_x_Effort, ratio_score_per_hint, inter_exploratory_brilliance, inter_obsessive_correction, inter_cowardice_penalty, HighOrd_Score_x_PCAStar, HighOrd_Score_x_PCADuration, Comp_GBA_DS_Anchored, Comp_GBA_AoL_Anchored, Feat_Resilient_Explorer, Feat_Ego_vs_Capacity, Feat_Cognitive_Waste, Feat_Strategic_Growth, Mutant_AoL_Resilience, Mutant_Omega_Curiosity, Mutant_Ego_Death",1.1
122,MutualInfo_p70,24,KNN_Regressor,0.6393,0.6689,0.539,0.0488,0.243,0.0030251485440671625,**,"{'model__weights': 'uniform', 'model__p': 1, 'model__n_neighbors': 15}","sum_weighted_score, humility_challenging, boldness_score, hard_challenge_efficiency, delayed_gratification_hint, learning_adaptability, hyper_curiosity_index, adaptive_learning_capacity, inter_hint_x_skip, Comp_Joyous_Exploration, Comp_Awareness_Limit, Psych_Calculated_Risk, Psych_Flow_Stamina, Psych_Learned_Helplessness, Psych_Calculated_Risk_Growth, ratio_struggle_time, inter_ambition_vs_reality, inter_strategic_retreat, inter_exploratory_brilliance, HighOrd_Score_x_PCAStar, Comp_GBA_AoL_Anchored, Feat_Resilient_Explorer, Mutant_AoL_Resilience, Mutant_Omega_Curiosity",0.5
123,Lasso_NonZero,31,HuberRegressor,0.6466,0.6786,0.5425,0.0211,0.238,0.0037055022510635413,**,"{'model__epsilon': 2.0, 'model__alpha': 0.01}","score_velocity, hint_reading_duration, keypad_dominance, hesitation_penalty, exploration_efficiency, hint_dependency_gravity, reckless_action_index, calculated_risk_taking, stubborn_failure_magnitude, time_diff_end_vs_start, time_diff_max_vs_avg, inter_hint_x_skip, PCA_Dur_squared, Comp_Awareness_Limit, Psych_Deprivation_Fixation, Psych_Impulsive_Quit, Psych_Adaptability, Psych_Adaptability_Log, ratio_hint_per_star, ratio_struggle_time, inter_ambition_vs_reality, HighOrd_Star_x_Effort, inter_obsessive_correction, HighOrd_Score_x_PCAStar, Comp_GBA_AoL_Anchored, Feat_Resilient_Explorer, Feat_Ego_vs_Capacity, Feat_Strategic_Growth, Mutant_AoL_Resilience, Mutant_Omega_Curiosity, Mutant_Ego_Death",1.2
124,RFE_Ridge_Top20,20,HuberRegressor,0.6443,0.6796,0.5351,0.0183,0.2329,0.004526904599164777,**,"{'model__epsilon': 2.0, 'model__alpha': 0.01}","struggle_ratio, score_velocity, hard_challenge_efficiency, apathy_speed, hint_vs_skip_ratio, carefulness_index, exploration_efficiency, ratio_hint_time, ratio_success_per_duration, PCA_Hints, Comp_Joyous_Exploration, Comp_Awareness_Limit, Psych_Adaptability, ratio_struggle_time, inter_ambition_vs_reality, PCA_Performance_Star, inter_exploratory_brilliance, inter_obsessive_correction, inter_cowardice_penalty, Feat_Strategic_Growth",1.0
125,RFE_Ridge_Top20,20,MLP_Regressor,0.6486,0.6859,0.5499,-0.0,0.2253,0.006065267682961326,**,"{'model__learning_rate': 'constant', 'model__hidden_layer_sizes': (128,), 'model__alpha': 0.001, 'model__activation': 'tanh'}","struggle_ratio, score_velocity, hard_challenge_efficiency, apathy_speed, hint_vs_skip_ratio, carefulness_index, exploration_efficiency, ratio_hint_time, ratio_success_per_duration, PCA_Hints, Comp_Joyous_Exploration, Comp_Awareness_Limit, Psych_Adaptability, ratio_struggle_time, inter_ambition_vs_reality, PCA_Performance_Star, inter_exploratory_brilliance, inter_obsessive_correction, inter_cowardice_penalty, Feat_Strategic_Growth",11.8
126,Spearman_gt0.20,8,XGBoost,0.647,0.6781,0.5503,0.0224,0.2251,0.006116194132920809,**,"{'model__subsample': 0.8, 'model__max_depth': 3, 'model__learning_rate': 0.05, 'model__colsample_bytree': 0.8}","sum_weighted_score, score_velocity, adaptive_learning_capacity, ratio_score_per_hint, inter_obsessive_correction, Feat_Resilient_Explorer, Mutant_AoL_Resilience, Mutant_Omega_Curiosity",4.5
127,Lasso_NonZero,31,SVR_Linear,0.6564,0.693,0.5509,-0.0209,0.223,0.006627423849953549,**,"{'model__epsilon': 0.5, 'model__C': 1.0}","score_velocity, hint_reading_duration, keypad_dominance, hesitation_penalty, exploration_efficiency, hint_dependency_gravity, reckless_action_index, calculated_risk_taking, stubborn_failure_magnitude, time_diff_end_vs_start, time_diff_max_vs_avg, inter_hint_x_skip, PCA_Dur_squared, Comp_Awareness_Limit, Psych_Deprivation_Fixation, Psych_Impulsive_Quit, Psych_Adaptability, Psych_Adaptability_Log, ratio_hint_per_star, ratio_struggle_time, inter_ambition_vs_reality, HighOrd_Star_x_Effort, inter_obsessive_correction, HighOrd_Score_x_PCAStar, Comp_GBA_AoL_Anchored, Feat_Resilient_Explorer, Feat_Ego_vs_Capacity, Feat_Strategic_Growth, Mutant_AoL_Resilience, Mutant_Omega_Curiosity, Mutant_Ego_Death",1.3
128,RF_Importance_p80,16,MLP_Regressor,0.6554,0.6827,0.5325,0.0093,0.2187,0.0077732046638827575,**,"{'model__learning_rate': 'constant', 'model__hidden_layer_sizes': (128,), 'model__alpha': 0.001, 'model__activation': 'tanh'}","sum_weighted_score, carefulness_index, contemplation_index, time_diff_end_vs_start, time_diff_phase3_vs_phase1, time_diff_max_vs_avg, ratio_hint_time, PCA_Dur_x_PCA_Hints, PCA_Dur_squared, Psych_Flow_Stamina, ratio_struggle_time, inter_sweet_victory, inter_obsessive_correction, inter_cowardice_penalty, Comp_GBA_AoL_Anchored, Feat_Resilient_Explorer",9.9
129,Spearman_gt0.15,15,XGBoost,0.64,0.679,0.5477,0.02,0.2175,0.008148411431263778,**,"{'model__subsample': 1.0, 'model__max_depth': 3, 'model__learning_rate': 0.05, 'model__colsample_bytree': 1.0}","sum_weighted_score, humility_challenging, struggle_ratio, score_velocity, adaptive_learning_capacity, Psych_Calculated_Risk, ratio_score_per_hint, inter_exploratory_brilliance, inter_obsessive_correction, inter_cowardice_penalty, Comp_GBA_AoL_Anchored, Feat_Resilient_Explorer, Feat_Ego_vs_Capacity, Mutant_AoL_Resilience, Mutant_Omega_Curiosity",6.7
130,Lasso_NonZero,31,XGBoost,0.6432,0.6831,0.5525,0.0081,0.2167,0.008381175639335959,**,"{'model__subsample': 0.8, 'model__max_depth': 3, 'model__learning_rate': 0.05, 'model__colsample_bytree': 0.8}","score_velocity, hint_reading_duration, keypad_dominance, hesitation_penalty, exploration_efficiency, hint_dependency_gravity, reckless_action_index, calculated_risk_taking, stubborn_failure_magnitude, time_diff_end_vs_start, time_diff_max_vs_avg, inter_hint_x_skip, PCA_Dur_squared, Comp_Awareness_Limit, Psych_Deprivation_Fixation, Psych_Impulsive_Quit, Psych_Adaptability, Psych_Adaptability_Log, ratio_hint_per_star, ratio_struggle_time, inter_ambition_vs_reality, HighOrd_Star_x_Effort, inter_obsessive_correction, HighOrd_Score_x_PCAStar, Comp_GBA_AoL_Anchored, Feat_Resilient_Explorer, Feat_Ego_vs_Capacity, Feat_Strategic_Growth, Mutant_AoL_Resilience, Mutant_Omega_Curiosity, Mutant_Ego_Death",12.3
131,RF_Importance_med,40,HuberRegressor,0.6507,0.6888,0.5495,-0.0086,0.2164,0.008478392983610519,**,"{'model__epsilon': 2.0, 'model__alpha': 0.01}","sum_weighted_score, score_velocity, hard_challenge_efficiency, hint_reading_duration, hint_effectiveness, engagement_persistence, carefulness_index, contemplation_index, exploration_efficiency, hyper_curiosity_index, adaptive_learning_capacity, time_diff_end_vs_start, time_diff_phase3_vs_phase1, time_diff_max_vs_avg, ratio_hint_time, ratio_success_per_duration, PCA_Hints, PCA_Dur_x_PCA_Hints, PCA_Dur_squared, Comp_Awareness_Limit, Psych_Flow_Stamina, Psych_Ego_Awareness, ratio_struggle_time, inter_sweet_victory, HighOrd_Star_x_Effort, ratio_score_per_hint, inter_exploratory_brilliance, inter_obsessive_correction, inter_cowardice_penalty, HighOrd_Score_x_PCAStar, HighOrd_Score_x_PCADuration, Comp_GBA_DS_Anchored, Comp_GBA_AoL_Anchored, Feat_Resilient_Explorer, Feat_Ego_vs_Capacity, Feat_Cognitive_Waste, Feat_Strategic_Growth, Mutant_AoL_Resilience, Mutant_Omega_Curiosity, Mutant_Ego_Death",2.0
132,MutualInfo_p70,24,XGBoost,0.6405,0.6802,0.5425,0.0165,0.215,0.008920521656362455,**,"{'model__subsample': 0.8, 'model__max_depth': 3, 'model__learning_rate': 0.05, 'model__colsample_bytree': 0.8}","sum_weighted_score, humility_challenging, boldness_score, hard_challenge_efficiency, delayed_gratification_hint, learning_adaptability, hyper_curiosity_index, adaptive_learning_capacity, inter_hint_x_skip, Comp_Joyous_Exploration, Comp_Awareness_Limit, Psych_Calculated_Risk, Psych_Flow_Stamina, Psych_Learned_Helplessness, Psych_Calculated_Risk_Growth, ratio_struggle_time, inter_ambition_vs_reality, inter_strategic_retreat, inter_exploratory_brilliance, HighOrd_Score_x_PCAStar, Comp_GBA_AoL_Anchored, Feat_Resilient_Explorer, Mutant_AoL_Resilience, Mutant_Omega_Curiosity",8.3
133,MutualInfo_p80,16,MLP_Regressor,0.6617,0.6857,0.5459,0.0005,0.2064,0.012141300844000608,*,"{'model__learning_rate': 'adaptive', 'model__hidden_layer_sizes': (64, 32), 'model__alpha': 0.01, 'model__activation': 'tanh'}","sum_weighted_score, boldness_score, hard_challenge_efficiency, delayed_gratification_hint, hyper_curiosity_index, inter_hint_x_skip, Comp_Joyous_Exploration, Comp_Awareness_Limit, Psych_Flow_Stamina, Psych_Calculated_Risk_Growth, inter_ambition_vs_reality, inter_strategic_retreat, inter_exploratory_brilliance, HighOrd_Score_x_PCAStar, Comp_GBA_AoL_Anchored, Feat_Resilient_Explorer",10.2
134,RF_Importance_p80,16,XGBoost,0.6418,0.6803,0.5435,0.0162,0.2028,0.01374007931296282,*,"{'model__subsample': 1.0, 'model__max_depth': 3, 'model__learning_rate': 0.05, 'model__colsample_bytree': 0.8}","sum_weighted_score, carefulness_index, contemplation_index, time_diff_end_vs_start, time_diff_phase3_vs_phase1, time_diff_max_vs_avg, ratio_hint_time, PCA_Dur_x_PCA_Hints, PCA_Dur_squared, Psych_Flow_Stamina, ratio_struggle_time, inter_sweet_victory, inter_obsessive_correction, inter_cowardice_penalty, Comp_GBA_AoL_Anchored, Feat_Resilient_Explorer",8.9
135,RFE_Ridge_Top20,20,SVR_Linear,0.6373,0.6995,0.5503,-0.0402,0.2024,0.013972815215954452,*,"{'model__epsilon': 0.5, 'model__C': 1.0}","struggle_ratio, score_velocity, hard_challenge_efficiency, apathy_speed, hint_vs_skip_ratio, carefulness_index, exploration_efficiency, ratio_hint_time, ratio_success_per_duration, PCA_Hints, Comp_Joyous_Exploration, Comp_Awareness_Limit, Psych_Adaptability, ratio_struggle_time, inter_ambition_vs_reality, PCA_Performance_Star, inter_exploratory_brilliance, inter_obsessive_correction, inter_cowardice_penalty, Feat_Strategic_Growth",0.6
136,MutualInfo_p70,24,MLP_Regressor,0.7002,0.6938,0.5577,-0.0231,0.2023,0.013993128140498667,*,"{'model__learning_rate': 'adaptive', 'model__hidden_layer_sizes': (64, 32), 'model__alpha': 0.01, 'model__activation': 'tanh'}","sum_weighted_score, humility_challenging, boldness_score, hard_challenge_efficiency, delayed_gratification_hint, learning_adaptability, hyper_curiosity_index, adaptive_learning_capacity, inter_hint_x_skip, Comp_Joyous_Exploration, Comp_Awareness_Limit, Psych_Calculated_Risk, Psych_Flow_Stamina, Psych_Learned_Helplessness, Psych_Calculated_Risk_Growth, ratio_struggle_time, inter_ambition_vs_reality, inter_strategic_retreat, inter_exploratory_brilliance, HighOrd_Score_x_PCAStar, Comp_GBA_AoL_Anchored, Feat_Resilient_Explorer, Mutant_AoL_Resilience, Mutant_Omega_Curiosity",9.7
137,Spearman_gt0.15,15,SVR_Linear,0.6398,0.6768,0.5451,0.0263,0.1939,0.018590770976398455,*,"{'model__epsilon': 0.5, 'model__C': 10.0}","sum_weighted_score, humility_challenging, struggle_ratio, score_velocity, adaptive_learning_capacity, Psych_Calculated_Risk, ratio_score_per_hint, inter_exploratory_brilliance, inter_obsessive_correction, inter_cowardice_penalty, Comp_GBA_AoL_Anchored, Feat_Resilient_Explorer, Feat_Ego_vs_Capacity, Mutant_AoL_Resilience, Mutant_Omega_Curiosity",0.5
138,MutualInfo_p70,24,HuberRegressor,0.6686,0.7108,0.566,-0.0739,0.1822,0.02723414755205306,*,"{'model__epsilon': 1.5, 'model__alpha': 0.01}","sum_weighted_score, humility_challenging, boldness_score, hard_challenge_efficiency, delayed_gratification_hint, learning_adaptability, hyper_curiosity_index, adaptive_learning_capacity, inter_hint_x_skip, Comp_Joyous_Exploration, Comp_Awareness_Limit, Psych_Calculated_Risk, Psych_Flow_Stamina, Psych_Learned_Helplessness, Psych_Calculated_Risk_Growth, ratio_struggle_time, inter_ambition_vs_reality, inter_strategic_retreat, inter_exploratory_brilliance, HighOrd_Score_x_PCAStar, Comp_GBA_AoL_Anchored, Feat_Resilient_Explorer, Mutant_AoL_Resilience, Mutant_Omega_Curiosity",4.7
139,Kendall_gt0.10,19,XGBoost,0.6334,0.6945,0.5514,-0.0252,0.1614,0.05082074329859787,n.s.,"{'model__subsample': 1.0, 'model__max_depth': 3, 'model__learning_rate': 0.05, 'model__colsample_bytree': 0.8}","sum_weighted_score, humility_challenging, struggle_ratio, grind_capacity, score_velocity, stubbornness_index, hint_reliance_ratio, adaptive_learning_capacity, Psych_Calculated_Risk, ratio_score_per_hint, inter_exploratory_brilliance, inter_obsessive_correction, inter_cowardice_penalty, Comp_GBA_AoL_Anchored, Feat_Resilient_Explorer, Feat_Ego_vs_Capacity, Feat_Strategic_Growth, Mutant_AoL_Resilience, Mutant_Omega_Curiosity",7.9
140,RFE_Ridge_Top20,20,XGBoost,0.6416,0.7006,0.5523,-0.0433,0.151,0.06797569072937894,n.s.,"{'model__subsample': 0.8, 'model__max_depth': 3, 'model__learning_rate': 0.05, 'model__colsample_bytree': 0.8}","struggle_ratio, score_velocity, hard_challenge_efficiency, apathy_speed, hint_vs_skip_ratio, carefulness_index, exploration_efficiency, ratio_hint_time, ratio_success_per_duration, PCA_Hints, Comp_Joyous_Exploration, Comp_Awareness_Limit, Psych_Adaptability, ratio_struggle_time, inter_ambition_vs_reality, PCA_Performance_Star, inter_exploratory_brilliance, inter_obsessive_correction, inter_cowardice_penalty, Feat_Strategic_Growth",9.0
141,MutualInfo_p70,24,SVR_Linear,0.6768,0.8254,0.6334,-0.4482,0.1429,0.08413251854717187,n.s.,"{'model__epsilon': 0.5, 'model__C': 0.1}","sum_weighted_score, humility_challenging, boldness_score, hard_challenge_efficiency, delayed_gratification_hint, learning_adaptability, hyper_curiosity_index, adaptive_learning_capacity, inter_hint_x_skip, Comp_Joyous_Exploration, Comp_Awareness_Limit, Psych_Calculated_Risk, Psych_Flow_Stamina, Psych_Learned_Helplessness, Psych_Calculated_Risk_Growth, ratio_struggle_time, inter_ambition_vs_reality, inter_strategic_retreat, inter_exploratory_brilliance, HighOrd_Score_x_PCAStar, Comp_GBA_AoL_Anchored, Feat_Resilient_Explorer, Mutant_AoL_Resilience, Mutant_Omega_Curiosity",1.0
142,RF_Importance_med,40,XGBoost,0.6479,0.6981,0.5506,-0.036,0.1409,0.08867278464707172,n.s.,"{'model__subsample': 1.0, 'model__max_depth': 3, 'model__learning_rate': 0.05, 'model__colsample_bytree': 0.8}","sum_weighted_score, score_velocity, hard_challenge_efficiency, hint_reading_duration, hint_effectiveness, engagement_persistence, carefulness_index, contemplation_index, exploration_efficiency, hyper_curiosity_index, adaptive_learning_capacity, time_diff_end_vs_start, time_diff_phase3_vs_phase1, time_diff_max_vs_avg, ratio_hint_time, ratio_success_per_duration, PCA_Hints, PCA_Dur_x_PCA_Hints, PCA_Dur_squared, Comp_Awareness_Limit, Psych_Flow_Stamina, Psych_Ego_Awareness, ratio_struggle_time, inter_sweet_victory, HighOrd_Star_x_Effort, ratio_score_per_hint, inter_exploratory_brilliance, inter_obsessive_correction, inter_cowardice_penalty, HighOrd_Score_x_PCAStar, HighOrd_Score_x_PCADuration, Comp_GBA_DS_Anchored, Comp_GBA_AoL_Anchored, Feat_Resilient_Explorer, Feat_Ego_vs_Capacity, Feat_Cognitive_Waste, Feat_Strategic_Growth, Mutant_AoL_Resilience, Mutant_Omega_Curiosity, Mutant_Ego_Death",24.2
143,Lasso_NonZero,31,MLP_Regressor,0.7147,0.7635,0.6127,-0.2393,0.1182,0.15378482738405186,n.s.,"{'model__learning_rate': 'adaptive', 'model__hidden_layer_sizes': (64, 32), 'model__alpha': 0.01, 'model__activation': 'tanh'}","score_velocity, hint_reading_duration, keypad_dominance, hesitation_penalty, exploration_efficiency, hint_dependency_gravity, reckless_action_index, calculated_risk_taking, stubborn_failure_magnitude, time_diff_end_vs_start, time_diff_max_vs_avg, inter_hint_x_skip, PCA_Dur_squared, Comp_Awareness_Limit, Psych_Deprivation_Fixation, Psych_Impulsive_Quit, Psych_Adaptability, Psych_Adaptability_Log, ratio_hint_per_star, ratio_struggle_time, inter_ambition_vs_reality, HighOrd_Star_x_Effort, inter_obsessive_correction, HighOrd_Score_x_PCAStar, Comp_GBA_AoL_Anchored, Feat_Resilient_Explorer, Feat_Ego_vs_Capacity, Feat_Strategic_Growth, Mutant_AoL_Resilience, Mutant_Omega_Curiosity, Mutant_Ego_Death",13.9
144,RF_Importance_med,40,MLP_Regressor,0.7494,0.7769,0.6325,-0.283,0.1153,0.16448242742006627,n.s.,"{'model__learning_rate': 'adaptive', 'model__hidden_layer_sizes': (64, 32), 'model__alpha': 0.01, 'model__activation': 'tanh'}","sum_weighted_score, score_velocity, hard_challenge_efficiency, hint_reading_duration, hint_effectiveness, engagement_persistence, carefulness_index, contemplation_index, exploration_efficiency, hyper_curiosity_index, adaptive_learning_capacity, time_diff_end_vs_start, time_diff_phase3_vs_phase1, time_diff_max_vs_avg, ratio_hint_time, ratio_success_per_duration, PCA_Hints, PCA_Dur_x_PCA_Hints, PCA_Dur_squared, Comp_Awareness_Limit, Psych_Flow_Stamina, Psych_Ego_Awareness, ratio_struggle_time, inter_sweet_victory, HighOrd_Star_x_Effort, ratio_score_per_hint, inter_exploratory_brilliance, inter_obsessive_correction, inter_cowardice_penalty, HighOrd_Score_x_PCAStar, HighOrd_Score_x_PCADuration, Comp_GBA_DS_Anchored, Comp_GBA_AoL_Anchored, Feat_Resilient_Explorer, Feat_Ego_vs_Capacity, Feat_Cognitive_Waste, Feat_Strategic_Growth, Mutant_AoL_Resilience, Mutant_Omega_Curiosity, Mutant_Ego_Death",11.7
